﻿{
	"Mobile": {
		"MaxPlayers": "Макс. игроков:",
		"Password": "Пароль:",
		"PasswordEmpty": "Нет",
		"Name": "Имя:",
		"NamePlayerEmpty": "Введите свое имя...",
		"NameWorldEmpty": "Введите название мира...",
		"Unfavorite": "Из\nизбр.",
		"UnfavoriteFrontEnd": "Из избр.",
		"SearchingHosts": "Поиск локальных хостов...",
		"Online":"В сети",
		"Local":"На устройстве",
		"Host":"Host",
		"SelectServer":"Выбрать сервер",
		"Connect":"добавлять",
		"ServerIP":"IP-адрес сервера:",
		"EnterServerIP":"Введите IP-адрес сервера...",
		"ServerPort":"Порт сервера:",
		"EnterServerPort":"Введите порт сервера...",
		"MagnifierEnabled":"Лупа включена",
		"MagnifierDisabled":"Лупа отключена",
		"FrameRateCap30":"Макс. частота смены кадров: 30",
		"FrameRateCap60":"Макс. частота смены кадров: 60",
		"ScreenEffectsEnabled":"Экранные эффекты включены",
		"ScreenEffectsDisabled":"Экранные эффекты отключены",
		"EditInterface":"Редактировать интерфейс",
		"FrameRateDisplayed":"Показывать частоту смены кадров",
		"FrameRateHidden":"Скрыть частоту смены кадров",
		"SafeRegion":"Безоп. область",
		"Interface":"интерфейс",
		"Discard":"Отменить",
		"Default":"Стандарт",
		"UIScale":"UI Scale:",
		"Side":"Сбоку",
		"Top":"Сверху",
		"Bottom":"Снизу",
		"InterfaceSettingsDescription":"*Некоторые настройки могут быть отключены в зависимости от вашего устройства.",
		"UsefulLinks":"Общение",
		"Wiki":"Wiki Terraria",
		"Forum":"Форум Terraria",
		"Discord":"Discord Terraria",
		"ContactSupport":"Поддержка клиентов компании 505",
		"Youtube":"Канал Youtube Re-Logic",
		"Twitter":"Twitter Terraria",
		"PrivacyPolicy":"Политика конфиденциальности компании 505",
		"Facebook":"Facebook Terraria",
		"TooltipFade": "Затухание подсказки: {0} с",
		"ItemTooltipFade": "Исч. подсказки предм.: {0}с",
		"Loot": "Взять",
		"Remove": "Снять",
		"Unequip": "Снять",
		"Show": "Показать",
		"Hide": "Скрыть",
		"Deposit": "В склад",
		"Quit": "выходить",
		"Enable": "Вкл.",
		"Disable": "Откл.",
		"Teleport":"Телепорт",
		"QuickStack": "Быстрая\nстопка",
		"Materials": "Материалы",
		"Savings": "Сбережения",
		"Armour": "Броня",
		"NoRecipes": "Рецепты недоступны",
		"QuickSlots": "Быстрые ячейки",
		"SelectItemReforge": "Выберите предмет для перековки",
		"WriteMessagePrompt":"Введите текст здесь...",
		"QuitPrompt": "Вы действительно хотите выйти?",
		"ServerFull":"Сервер заполнен",
		"SplitStackOpen": "Делить",
		"SplitStackClose": "Отмена",
		"SplitStackAction": "Делить",
		"Join": "Играть",
		"AimAndUse": "Целиться и использовать",
		"AimOnly": "Только целиться",
		"SmartCursorOn": "Смарт-курсор вкл.",
		"SmartCursorOff": "Смарт-курсор откл.",
		"CombatTargetingOn": "Фиксация на цели вкл.",
		"CombatTargetingOff": "Фиксация на цели откл.",
		"CombatTargetingNoTargets": "Нет целей",
		"HousingQuery": "Запрос",
		"PvP": "Игроки",
		"CraftGuideEmpty": "Выберите предмет, чтобы показать возможные рецепты",
		"HairStylist": "Стилист",
		"Home": "На главную",
		"Sound": "звуки",
		"Gameplay": "Дополнительная информация",
		"Equip": "Надеть",
		"Sell": "Продать",
		"Craft": "Создать",
		"ApplyChanges": "Применить",
		"MultiplayerLocalTitle": "Host",
		"MultiplayerOnlineTitle": "добавить сервер",
		"LeftStickAimingOn": "Прицеливание левым джойстиком ВКЛ.",
		"LeftStickAimingOff": "Прицеливание левым джойстиком ВЫКЛ.",
		"ResetCursorModes": "Сброс режима прицеливания и смарт-курсора",
		"RemoveServerList": "Убрать {0} из списка серверов?",
		"BugReport": "Отчет об ошибках",
		"Ignore": "игнорируемых",
		"LowDiskSpaceWarning" : "В вашем устройств мало свободного места, освободите место и повторите попытку",
		"LowMemoryHost" : "В вашем устройстве недостаточно оперативной памяти для создания многопользовательской игры",
		"LowMemoryPlayLarge": "В вашем устройстве недостаточно оперативной памяти для игры в большом мире",
		"LowMemoryGenerateLarge": "В вашем устройстве недостаточно оперативной памяти для игры в большом мире",
		"Credits": "Разработчики",
		"Reddit": "Reddit Terraria",
		"TutorialToggleEnable": "Коснитесь любой виртуальной кнопки управления, чтобы узнать о ее назначении.",
		"TutorialToggleDisable": "",
		"TutorialInteract": "Это изменяется в зависимости от того, целитесь ли вы или если ваш курсор\nнаведен на предмет с возможностью взаимодействия (сундук или дверь ) или НИП,\nи кнопка будет взаимодействовать с ними.\nИначе будет использоваться предмет, выбранный на панели быстрого доступа.",
		"TutorialAutoSelect": "Коснитесь и удерживайте, чтобы включить.\nВыбираемый предмет изменяется зависимости от положения курсора.\nЦельтесь с помощью оси стрельбы и используйте кнопку стрельбы,\nчтобы использовать выбранный предмет.",
		"TutorialAutoFire": "Коснитесь, чтобы переключиться между режимами «Только целиться» и «Целиться и использовать» —\nэто изменит настройки правого джойстика.\nВ режиме «Только целиться» вам достаточно использовать функцию смарт-взаимодействия\n/ стрельбы для использования предмета после прицеливания с помощью курсора.\nВ режме «Целиться и использовать» правый джойстик также позволяет активировать предмет.\nВы также можете касаться экрана, чтобы использовать функцию «Целиться и использовать».",
		"TutorialQuickHeal": "Коснитесь, чтобы исцелиться — кнопка показывает, какое зелье будет использовано.\nЭта кнопка неактивна, когда действие зелий восстанавливается или в инвентаре\nнет доступных предметов.",
		"TutorialQuickMana": "Коснитесь, чтобы восстановить манну — кнопка показывает, какое зелье будет использовано.\nЭта кнопка неактивна, когда действие зелий восстанавливается или в инвентаре\nнет доступных предметов.",
		"TutorialQuickBuff": "Коснитесь, чтобы использовать все доступные зелья усилений или еды одновременно.\nЭта кнопка неактивна, когда действие зелий восстанавливается или в инвентаре\nнет доступных предметов.",
		"TutorialInventoryToggle": "Коснитесь, чтобы закрыть или открыть меню. Отсюда можно переходить к разным страницам:\nВлево — к игрокам (только многопользовательский режим), жилище и инвентарь.\nВправо — сундук, снаряжение и изготовление. Здесь отображаются магазины НИПов и копилки.\nВы можете закрывать и открывать отдельные страницы, касаясь их, но только не все страницы\nв меню сразу.",
		"TutorialMovementAxis": "Коснитесь и удерживайте, чтобы двигаться влево или вправо.\nНажмите «вниз», чтобы спуститься с края, и нажмите «вверх», чтобы подняться по веревке.\nКоснитесь дважды, чтобы прыгнуть, дважды коснитесь и удерживайте, чтобы лететь.\nДважды нажмите «влево» или «вправо», чтобы совершить рывок.\nДважды нажмите «вниз», чтобы активировать бонус комплекта, если он доступен.",
		"TutorialFire": "Коснитесь, чтобы активировать предмет, выбранный на панели быстрого доступа.\nУдерживайте, чтобы продолжать стрельбу, если выбранный предмет поддерживает\nрежим автоматической атаки или стрельбы.",
		"TutorialTargetLockOn": "После нацеливания на врага в бою\nкоснитесь, чтобы зафиксировать цель, и коснитесь еще раз, чтобы снять фиксацию.\nВ настройках доступны различные режимы.",
		"TutorialSmartCursor": "Коснитесь, чтобы включить или отключить смарт-курсор.\nПри включении игра будет пытаться найти подходящие цели\nдля действий рядом с курсором. При включении левый джойстик можно\nиспользовать для прицеливания. Это можно отключить в настройках.",
		"TutorialJump": "Коснитесь, чтобы прыгнуть. Касайтесь дольше, чтобы прыгать выше.\nПри наличии крыльев коснитесь и удерживайте, чтобы летать или парить.",
		"TutorialQuickMount": "Коснитесь, чтобы взобраться на средство перемещения или спрыгнуть с него.\nТак же действует для вагонеток.",
		"TutorialZoomIn": "Коснитесь, чтобы приблизить.\nТакже можно приблизить щипковым движением.",
		"TutorialZoomOut": "Коснитесь, чтобы отдалить.\nТакже можно отдалить щипковым движением.",
		"TutorialFireAxis": "Коснитесь и удерживайте, чтобы навести курсор.\nЕсли смарт-курсор включен, положение курсора сбрасывается.\nЕсли режим «Целиться и использовать» включен, вы можете активировать\nпредмет, выбранный на панели быстрого доступа.",
		"TutorialGrappleAxis": "Коснитесь, удерживайте и проведите пальцем в направлении для захвата.\nТакже коснитесь на край оси для мгновенного захвата\nв этом направлении.",
		"LockTutorialsOn": "Обучение включено",
		"LockTutorialsOff": "Обучение выключено",
		"ResetSettings": "Стандарт",
		"ResetSettingsPrompt": "Сбросить все настройки к\nзначениям по умолчанию?",
		"Reset": "Сброс",
		"TutorialInteractTitle": "Смарт-взаимодействие",
		"TutorialAutoSelectTitle": "Автовыбор",
		"TutorialAutoFireTitle": "Переключить режим прицеливания",
		"TutorialQuickHealTitle": "Быстрое лечение",
		"TutorialQuickManaTitle": "Быстрая манна",
		"TutorialQuickBuffTitle": "Быстрое усиление",
		"TutorialInventoryToggleTitle": "Переход между меню",
		"TutorialMovementAxisTitle": "Оси движения",
		"TutorialFireTitle": "Стрельба",
		"TutorialTargetLockOnTitle": "Прицеливание в бою",
		"TutorialSmartCursorTitle": "Переключение смарт-курсора",
		"TutorialJumpTitle": "Прыжок",
		"TutorialQuickMountTitle": "Быстрое средство перемещения",
		"TutorialZoomInTitle": "Приблизить",
		"TutorialZoomOutTitle": "Отдалить",
		"TutorialFireAxisTitle": "Ось стрельбы",
		"TutorialGrappleAxisTitle": "Быстрый захват",
		"PurchaseError": "Невозможно связаться с магазином.\nПожалуйста, войдите в свой аккаунт и\nподключитесь к Интернету.",
		"PurchaseNotFound": "\n\nЧтобы продолжить игру, вам необходимо разблокировать полную\nверсию игры.\n\nЕсли вы уже сделали это, убедитесь, что вы вошли в Google Play\nс помощью учетной записи, которая совершила покупку, и\nубедитесь, что вы подключены к Интернету.\n\nЕсли вы еще не открыли полную версию игры, нажмите на кнопку\n«Магазин», чтобы купить ее прямо сейчас.",
		"PurchaseInitialising": "Обращение в магазин для проверки доступа к полной игре...",
		"PurchaseRetry": "Retry",
		"PurchaseStore": "Магазин",
		"LicenseError": "Невозможно связаться с магазином.\nПожалуйста, войдите в свой аккаунт и\nподключитесь к Интернету.",
		"LicenseNotFound": "\n\nЧтобы продолжить игру, вам необходимо разблокировать полную\nверсию игры.\n\nЕсли вы уже сделали это, убедитесь, что вы вошли в Google Play\nс помощью учетной записи, которая совершила покупку, и\nубедитесь, что вы подключены к Интернету.\n\nЕсли вы еще не открыли полную версию игры, нажмите на кнопку\n«Магазин», чтобы купить ее прямо сейчас.",
		"LicenseInitialising": "Обращение в магазин для проверки доступа к полной игре...",
		"LeftJumpDoubleTap": "Прыжок левой палкой: двойное касание",
		"LeftJumpSingleTap": "Прыжок левой палкой: одно касание",
		"LeftJumpUp": "Прыжок левой палкой: вверх (Наследие)",
		"LeftJumpDisabled": "Прыжок левой палкой: отключен"
	},
	
	"UI":	{
		"WorldSizeTiny": "Маленький"
	}
}
