﻿{
	"Mobile": {
		"MaxPlayers": "Joueurs max. :",
		"Password": "Mot de passe :",
		"PasswordEmpty": "Aucun",
		"Name": "Nom :",
		"NamePlayerEmpty": "Saisissez votre nom...",
		"NameWorldEmpty": "Saisissez le nom du monde...",
		"Unfavorite": "Enlever",
		"UnfavoriteFrontEnd": "Non favori",
		"SearchingHosts": "Recherche d'hôtes locaux...",
		"Online":"En ligne",
		"Local":"Local",
		"Host":"Hôte",
		"SelectServer":"Choisir un serveur",
		"Connect":"Ajouter",
		"ServerIP":"IP serveur :",
		"EnterServerIP":"Saisissez l'adresse IP du serveur...",
		"ServerPort":"Port serveur :",
		"EnterServerPort":"Saisissez le port du serveur...",
		"MagnifierEnabled":"Loupe activée",
		"MagnifierDisabled":"Loupe désactivée",
		"FrameRateCap30":"Fréquence d'image max : 30",
		"FrameRateCap60":"Fréquence d'image max : 60",
		"ScreenEffectsEnabled":"Effets d'écran activés",
		"ScreenEffectsDisabled":"Effets d'écran désactivés",
		"EditInterface":"Modifier l'interface",
		"FrameRateDisplayed":"Fréquence d'image affichée",
		"FrameRateHidden":"Fréquence d'image masquée",
		"SafeRegion":"Zone d'affichage",
		"Interface":"Interface",
		"Discard":"Annuler",
		"Default":"Défaut",
		"UIScale":"Taille de l'interface:",
		"Side":"Latéral",
		"Top":"Supérieur",
		"Bottom":"Inférieur",
		"InterfaceSettingsDescription":"* Certains paramètres peuvent être désactivés en fonction de la taille de votre appareil.",
		"UsefulLinks":"Social",
		"Wiki":"Wiki de Terraria",
		"Forum":"Forum de Terraria",
		"Discord":"Discord de Terraria",
		"ContactSupport":"Assistance de 505",
		"Youtube":"YouTube de Re-Logic",
		"Twitter":"Twitter de Terraria",
		"PrivacyPolicy":"Politique de confidentialité de 505",
		"Facebook":"Facebook de Terraria",
		"TooltipFade": "Disparition info : {0} s",
		"ItemTooltipFade": "Affichage infos : {0} s",
		"Loot": "Prendre",
		"Remove": "Retirer",
		"Unequip": "Retirer",
		"Show": "Afficher",
		"Hide": "Masquer",
		"Deposit": "Déposer",
		"Quit": "Quitter",
		"Enable": "Activer",
		"Disable": "Désact.",
		"Teleport":"Téléporter",
		"QuickStack": "Pile\nrapide",
		"Materials": "Matériaux",
		"Savings": "Économies",
		"Armour": "Armure",
		"NoRecipes": "Aucune recette disponible",
		"QuickSlots": "Emplacements rapides",
		"SelectItemReforge": "Sélectionner un objet à reforger",
		"WriteMessagePrompt":"Rédigez votre message ici...",
		"QuitPrompt": "Voulez-vous vraiment quitter ?",
		"ServerFull":"Le serveur est complet",
		"SplitStackOpen": "Diviser",
		"SplitStackClose": "Annuler",
		"SplitStackAction": "Diviser",
		"Join": "Jouer",
		"AimAndUse": "Viser et utiliser",
		"AimOnly": "Juste Viser",
		"SmartCursorOn": "Curseur intelligent oui",
		"SmartCursorOff": "Curseur intelligent non",
		"CombatTargetingOn": "Verrouillage cible oui",
		"CombatTargetingOff": "Verrouillage cible non",
		"CombatTargetingNoTargets": "Aucune cible",
		"HousingQuery": "Évaluer",
		"PvP": "Joueurs",
		"CraftGuideEmpty": "Sélectionner un objet pour voir les recettes",
		"HairStylist": "Styliste",
		"Home": "Menu",
		"Sound": "Son",
		"Gameplay": "Plus d'infos",
		"Equip": "Équiper",
		"Sell": "Vendre",
		"Craft": "Créer",
		"ApplyChanges": "Appliquer",
		"MultiplayerLocalTitle": "Hôtes",
		"MultiplayerOnlineTitle": "Ajouter Serveur",
		"LeftStickAimingOn": "Visée Joystick Gauche : Activée",
		"LeftStickAimingOff": "Visée Joystick Gauche : Désactivée",
		"ResetCursorModes": "Réinit. modes Viser & Curseur intelligent",
		"RemoveServerList": "Supprimer {0} de la liste de serveurs ?",
		"BugReport": "Signalement de bug",
		"Ignore": "Ignorer",
		"LowDiskSpaceWarning" : "Votre appareil a peu d'espace de stockage. Libérez-en et réessayez.",
		"LowMemoryHost" : "La RAM de votre appareil est insuffisante pour héberger une partie multijoueur.",
		"LowMemoryPlayLarge": "La RAM de votre appareil est insuffisante pour jouer dans un grand monde.",
		"LowMemoryGenerateLarge": "La RAM de votre appareil est insuffisante pour jouer dans un grand monde.",
		"Credits": "Crédits",
		"Reddit": "Reddit Terraria",
		"TutorialToggleEnable": "Touchez un bouton de commande virtuelle pour connaître sa fonction",
		"TutorialToggleDisable": "",
		"TutorialInteract": "Ceci change en fonction de ce que vous visez. Si votre curseur vise\nun objet comme un coffre, une porte ou un NPJ, la touche permet d'interagir.\nSinon, elle permet d'utiliser l'objet sélectionné dans les raccourcis.",
		"TutorialAutoSelect": "Touchez longuement pour l'activer.\nSelon la position du curseur, l'objet sélectionné change.\nVisez avec l'axe de tir et utilisez Tirer pour utiliser l'objet sélectionné.",
		"TutorialAutoFire": "Touchez pour alterner entre Juste viser et Viser et utiliser avec RS.\nAvec Juste viser, vous devez utiliser la fonction Interaction intelligente/Tirer\npour utiliser un objet visé avec le curseur. Viser et utiliser permet également d'activer l'objet avec RS.\nVous pouvez aussi toucher l'écran pour Viser et utiliser.",
		"TutorialQuickHeal": "Touchez pour restaurer de la santé, le bouton indique la potion qui sera utilisée.\nLe bouton est inactif pendant la recharge ou s'il n'y a\nrien dans l'inventaire",
		"TutorialQuickMana": "Touchez pour restaurer du mana, le bouton indique la potion qui sera utilisée.\nLe bouton est inactif pendant la recharge ou s'il n'y a\nrien dans l'inventaire",
		"TutorialQuickBuff": "Touchez pour utiliser toutes les potions/tous les aliments disponibles d'un coup.\nLe bouton est inactif pendant la recharge ou s'il n'y a\nrien dans l'inventaire",
		"TutorialInventoryToggle": "Touchez pour ouvrir ou fermer le menu. Il vous permet d'accéder aux différentes pages :\nÀ gauche, Joueurs (multijoueur uniquement), Logement et Inventaire.\nÀ droite, Coffre, Équipement et Artisanat. Les boutiques de PNJ et la tirelire s'affichent ici également.\nTouchez les pages pour les ouvrir ou les fermer ; si vous fermez toutes les pages, vous fermerez aussi le menu.",
		"TutorialMovementAxis": "Touchez et maintenez pour aller à gauche ou à droite.\nTouchez Bas pour traverser les plateformes et Haut pour grimper aux cordes.\nTouchez deux fois Haut pour sauter et maintenez pour voler.\nTouchez deux fois Gauche/Droite pour sprinter\nTouchez deux fois Bas pour activer les bonus disponibles.",
		"TutorialFire": "Touchez pour activer l'objet sélectionné.\nTouchez longuement pour continuer à tirer en utilisation automatique",
		"TutorialTargetLockOn": "Lorsque le ciblage de combat vise un ennemi\ntouchez pour verrouiller et à nouveau pour déverrouiller.\nConsultez les paramètres pour d'autres modes",
		"TutorialSmartCursor": "Touchez pour activer/désactiver le Curseur intelligent.\nActivé, il essaie de trouver des cibles appropriées\npour des actions proches. Si activé, LS peut servir\nà viser. Il peut se désactiver dans les paramètres.",
		"TutorialJump": "Touchez pour sauter, touchez plus longtemps pour sauter plus haut.\nAvec des ailes, touchez et maintenez pour voler/planer",
		"TutorialQuickMount": "Touchez pour monter/descendre.\nPeut servir à descendre des wagonnets",
		"TutorialZoomIn": "Touchez pour agrandir.\nVous pouvez aussi pincer dans le monde.",
		"TutorialZoomOut": "Touchez pour réduire.\nVous pouvez aussi pincer dans le monde.",
		"TutorialFireAxis": "Touchez longuement pour viser.\nSi le curseur intelligent est activé, sa position se redéfinit.\nSi Viser et utiliser est activé, vous pouvez activer l'objet sélectionné",
		"TutorialGrappleAxis": "Touchez, maintenez et balayez dans une direction pour agripper.\nVous pouvez aussi toucher le bord de l'axe pour agripper instantanément\ndans cette direction.",
		"LockTutorialsOn": "Didacticiels non",
		"LockTutorialsOff": "Didacticiels oui",
		"ResetSettings": "Défaut",
		"ResetSettingsPrompt": "Voulez-vous réinitialiser tous les paramètres ?",
		"Reset": "Réinit.",
		"TutorialInteractTitle": "Interaction intelligente",
		"TutorialAutoSelectTitle": "Sélection auto",
		"TutorialAutoFireTitle": "Alterner mode Viser",
		"TutorialQuickHealTitle": "Soin rapide",
		"TutorialQuickManaTitle": "Mana rapide",
		"TutorialQuickBuffTitle": "Bonus rapide",
		"TutorialInventoryToggleTitle": "Menu",
		"TutorialMovementAxisTitle": "Axe de déplacement",
		"TutorialFireTitle": "Tirer",
		"TutorialTargetLockOnTitle": "Ciblage de combat",
		"TutorialSmartCursorTitle": "Curseur intelligent",
		"TutorialJumpTitle": "Sauter",
		"TutorialQuickMountTitle": "Monture rapide",
		"TutorialZoomInTitle": "Agrandir",
		"TutorialZoomOutTitle": "Réduire",
		"TutorialFireAxisTitle": "Axe de tir",
		"TutorialGrappleAxisTitle": "Grappin rapide",
		"PurchaseError": "Impossible de se connecter au magasin.\nVeuillez vous connecter à votre compte\nainsi qu'à internet",
		"PurchaseNotFound": "\n\nPour continuer à jouer, il faut avoir débloquer le jeu complet.\n\nSi vous l'avez déjà acheté, merci de vérifier que vous êtes connecté à\nGoogle Play avec le compte sur lequel vous avez fait l'achat et assurez-vous que\nvous êtes connecté à internet.\n\nSi vous n'avez pas encore débloqué le jeu complet, appuyez sur le button \"Magasin\"\npour l'acheter.",
		"PurchaseInitialising": "Connexion au magasin pour vérifier l’accès au jeu complet...",
		"PurchaseRetry": "Réessayer",
		"PurchaseStore": "Magasin",
		"LicenseError": "Impossible de se connecter au magasin.\nVeuillez vous connecter à votre compte\nainsi qu'à internet",
		"LicenseNotFound": "\n\nPour continuer à jouer, il faut avoir débloquer le jeu complet.\n\nSi vous l'avez déjà acheté, merci de vérifier que vous êtes connecté à\nGoogle Play avec le compte sur lequel vous avez fait l'achat et assurez-vous que\nvous êtes connecté à internet.\n\nSi vous n'avez pas encore débloqué le jeu complet, appuyez sur le button \"Magasin\"\npour l'acheter.",
		"LicenseInitialising": "Connexion au magasin pour vérifier l’accès au jeu complet...",
		"LeftJumpDoubleTap": "Saut Joystick Gauche : Double Pression",
		"LeftJumpSingleTap": "Saut Joystick Gauche : Simple Pression",
		"LeftJumpUp": "Saut Joystick Gauche : Haut (Compatibilité)",
		"LeftJumpDisabled": "Saut Joystick Gauche : Désactivé"
	},
	
	"UI":	{
		"WorldSizeTiny": "Minuscule"
	}
}
