﻿{
	"Mobile": {
		"MaxPlayers": "Máx. Jogadores:",
		"Password": "Senha:",
		"PasswordEmpty": "Nenhum",
		"Name": "Nome:",
		"NamePlayerEmpty": "Digite seu nome...",
		"NameWorldEmpty": "Digite um nome para o mundo...",
		"Unfavorite": "Remover",
		"UnfavoriteFrontEnd": "Rem. Fav.",
		"SearchingHosts": "Procurando por hosts locais...",
		"Online":"Online",
		"Local":"Local",
		"Host":"Host",
		"SelectServer":"Selecionar servidor",
		"Connect":"Adicionar",
		"ServerIP":"IP do servidor:",
		"EnterServerIP":"Insira IP do servidor...",
		"ServerPort":"Porta do servidor:",
		"EnterServerPort":"Digite a porta do servidor...",
		"MagnifierEnabled":"Lupa ativa",
		"MagnifierDisabled":"Lupa desativada",
		"FrameRateCap30":"Limite de taxa de quadros: 30",
		"FrameRateCap60":"Limite de taxa de quadros: 60",
		"ScreenEffectsEnabled":"Efeitos de tela ativados",
		"ScreenEffectsDisabled":"Efeitos de tela desativados",
		"EditInterface":"Editar Interface",
		"FrameRateDisplayed":"Exibir taxa de quadros",
		"FrameRateHidden":"Ocultar taxa de quadros",
		"SafeRegion":"Área segura",
		"Interface":"Interface",
		"Discard":"Descartar",
		"Default":"Padrão",
		"UIScale":"Escala de UI:",
		"Side":"Lateral",
		"Top":"Primeiros",
		"Bottom":"Inferior",
		"InterfaceSettingsDescription":"*Algumas configurações podem estar indisponíveis dependendo do tamanho de seu dispositivo.",
		"UsefulLinks":"Social",
		"Wiki":"Wiki do Terraria",
		"Forum":"Fórum do Terraria",
		"Discord":"Discord do Terraria",
		"ContactSupport":"Suporte ao Cliente 505",
		"Youtube":"Canal da Re-Logic no YouTube",
		"Twitter":"Twitter do Terraria",
		"PrivacyPolicy":"Política de Privacidade da 505",
		"Facebook":"Terraria no Facebook",
		"TooltipFade": "Tempo da Dica: {0}s",
		"ItemTooltipFade": "Tempo da Dica de Item: {0}s",
		"Loot": "Pegar",
		"Remove": "Remover",
		"Unequip": "Remover",
		"Show": "Exibir",
		"Hide": "Ocultar",
		"Deposit": "Deposit.",
		"Quit": "Sair",
		"Enable": "Ativar",
		"Disable": "Desat.",
		"Teleport":"Teleporte",
		"QuickStack": "Pilha\nRápida",
		"Materials": "Materiais",
		"Savings": "Economias",
		"Armour": "Armadura",
		"NoRecipes": "Nenhuma receita disponível",
		"QuickSlots": "Entradas Rápidas",
		"SelectItemReforge": "Escolha um item para recriar",
		"WriteMessagePrompt":"Escreva sua mensagem aqui...",
		"QuitPrompt": "Você tem certeza que deseja sair?",
		"ServerFull":"O servidor está no lotado",
		"SplitStackOpen": "Dividir",
		"SplitStackClose": "Cancelar",
		"SplitStackAction": "Dividir",
		"Join": "Jogar",
		"AimAndUse": "Mirar e usar",
		"AimOnly": "Apenas mirar",
		"SmartCursorOn": "Cursor inteligente ligado",
		"SmartCursorOff": "Cursor inteligente desligado",
		"CombatTargetingOn": "Trava de Alvo Ligada",
		"CombatTargetingOff": "Trava de Alvo Desligada",
		"CombatTargetingNoTargets": "Não há alvos",
		"HousingQuery": "Consulta",
		"PvP": "Jogadores",
		"CraftGuideEmpty": "Escolha um item para exibir receitas possíveis",
		"HairStylist": "Cabeleireira",
		"Home": "Principal",
		"Sound": "Sons",
		"Gameplay": "Mais Informações",
		"Equip": "Equipar",
		"Sell": "Vender",
		"Craft": "Criar",
		"ApplyChanges": "Aplicar",
		"MultiplayerLocalTitle": "Host",
		"MultiplayerOnlineTitle": "Adicionar Servidor",
		"LeftStickAimingOn": "Ligar mira com controle esquerdo",
		"LeftStickAimingOff": "Desligar mira com controle esquerdo",
		"ResetCursorModes": "Redefinir modos de mira e modo de cursor",
		"RemoveServerList": "Remover {0} da lista de servidores?",
		"BugReport": "Denunciar Bug",
		"Ignore": "Ignorar",
		"LowDiskSpaceWarning" : "O espaço livre em seu dispositivo está chegando ao fim. Por favor, libere espaço e tente novamente",
		"LowMemoryHost" : "Seu dispositivo não tem memória RAM suficiente para ser host de uma partida multijogador",
		"LowMemoryPlayLarge": "Seu dispositivo não tem memória RAM suficiente para criar mundos grandes",
		"LowMemoryGenerateLarge": "Seu dispositivo não tem memória RAM suficiente para criar mundos grandes",
		"Credits": "Créditos",
		"Reddit": "Terraria no Reddit",
		"TutorialToggleEnable": "Toque em qualquer botão do controle virtual para ver detalhes sobre seu funcionamento",
		"TutorialToggleDisable": "",
		"TutorialInteract": "Dependendo de onde você estiver mirando, esta função mudará. Se o cursor estiver sobre\num item interativo, como um baú/porta ou um NPC, o botão vai interagir com esse item.\nCaso contrário, ele usará o item selecionado em sua hotbar",
		"TutorialAutoSelect": "Toque e segure para ativar.\nO item selecionado dependerá da posição do cursor.\nMire com o \"Eixo de disparo\" e use \"Disparar\" para usar o item selecionado",
		"TutorialAutoFire": "Toque para alternar entre \"Apenas mirar\" e \"Mirar e usar\". Isso muda o funcionamento\ndo controle direito.\nCom \"Apenas mirar\", você precisa usar Interação inteligente/Disparar para usar o item\ndepois de mirar o cursor.\nCom \"Mirar e usar\", o controle direito também ativará o item.\nVocê também pode tocar na tela para \"Mirar e usar\"",
		"TutorialQuickHeal": "Toque para curar. O botão exibe que poção será usada.\nO botão não fica ativo durante a recarga ou quando não houverem\nitens disponíveis no inventário",
		"TutorialQuickMana": "Toque para restaurar mana. O botão exibe que poção será usada.\nO botão não fica ativo durante a recarga ou quando não houverem\nitens disponíveis no inventário",
		"TutorialQuickBuff": "Toque para usar todas as poções de bônus disponíveis/comida de uma vez.\nO botão não fica ativo durante a recarga ou quando não houverem\nitens disponíveis no inventário",
		"TutorialInventoryToggle": "Toque para \"abrir\" e \"fechar\" o menu. A partir dele, você pode explorar diversas páginas:\nÀ esquerda, \"Jogadores\" (apenas no multijogador), \"Alojamento\" e \"Inventário\".\nÀ direita, \"Baú\", \"Equipamento\" e \"Criar\". As lojas de NPCs e o porquinho também aparecem aqui.\nAlterne páginas individuais tocando nelas. O menu fechará se todas as páginas forem fechadas",
		"TutorialMovementAxis": "Toque e segure para ir para a esquerda/direita.\nToque para baixo para descer de bordas e para cima para subir em cordas.\nToque duas vezes para saltar, ou toque duas vezes e segure para voar\nToque duas vezes para a esquerda/direita para correr\nToque duas vezes para baixo para ativar bônus selecionados",
		"TutorialFire": "Toque para ativar o item selecionado na hotbar.\nSegure para continuar atirando se o item selecionado for golpe/disparo automático",
		"TutorialTargetLockOn": "Com o alvo em combate sobre um inimigo\ntoque para travar no inimigo e toque novamente para remover a trava.\nConfira os modos disponíveis nas configurações",
		"TutorialSmartCursor": "Toque para ligar/desligar o Cursor Inteligente.\nQuando ligado, o jogo tentará encontrar alvos para as ações próximos do cursor.\nQuando estiver ligado, use o controle\nesquerdo para mirar. Você pode desligar essa opção nas configurações",
		"TutorialJump": "Toque para pular. Toques mais longos fazem você saltar mais alto.\nCom asas, toque e segure para voar/planar",
		"TutorialQuickMount": "Toque para montar/desmontar.\nTambém é possível usá-lo na hora de sair de carrinhos de mina",
		"TutorialZoomIn": "Toque para aproximar.\nOu use dois dedos para aproximar",
		"TutorialZoomOut": "Toque para afastar.\nOu use dois dedos para afastar",
		"TutorialFireAxis": "Toque e segure para mirar.\nSe o cursor inteligente estiver ligado, a posição do cursor será redefinida.\nSe \"Mirar e usar\" estiver ativado, ative o item selecionado na hotbar",
		"TutorialGrappleAxis": "Toque, segure e deslize em uma direção para prender.\nVocê também pode tocar na extremidade do eixo para prender instantaneamente\nna direção escolhida",
		"LockTutorialsOn": "Tutoriais ativados",
		"LockTutorialsOff": "Tutoriais desativados",
		"ResetSettings": "Padrão",
		"ResetSettingsPrompt": "Você deseja redefinir todas as configurações\npara os valores padrão?",
		"Reset": "Redefinir",
		"TutorialInteractTitle": "Interação inteligente",
		"TutorialAutoSelectTitle": "Selecionar automaticamente",
		"TutorialAutoFireTitle": "Alternar modo de mira",
		"TutorialQuickHealTitle": "Cura Rápida",
		"TutorialQuickManaTitle": "Mana Rápida",
		"TutorialQuickBuffTitle": "Bônus Rápido",
		"TutorialInventoryToggleTitle": "Alternar menu",
		"TutorialMovementAxisTitle": "Eixo de movimentos",
		"TutorialFireTitle": "Fogo",
		"TutorialTargetLockOnTitle": "Alvo de combate",
		"TutorialSmartCursorTitle": "Alternar Cursor Inteligente",
		"TutorialJumpTitle": "Pular",
		"TutorialQuickMountTitle": "Montaria rápida",
		"TutorialZoomInTitle": "Aproximar",
		"TutorialZoomOutTitle": "Afastar",
		"TutorialFireAxisTitle": "Eixo de disparo",
		"TutorialGrappleAxisTitle": "Prender rápido",
		"PurchaseError": "Não é possível entrar em contato com a loja.\nPor favor entre na sua conta\ne conecte-se à internet",
		"PurchaseNotFound": "\n\nPara continuar jogando, você precisa ter desbloqueado o jogo completo.\n\nSe você já fez isso, verifique se está conectado ao Google Play com aconta que\nfez a compra e se está conectado à Internet.\n\nSe você ainda não desbloqueou o jogo completo, toque no botão \"Loja\"\npara comprá-lo agora.",
		"PurchaseInitialising": "Contatando a loja para verificar o acesso completo ao jogo...",
		"PurchaseRetry": "Retry",
		"PurchaseStore": "Loja",
		"LicenseError": "Não é possível entrar em contato com a loja.\nPor favor entre na sua conta\ne conecte-se à internet",
		"LicenseNotFound": "\n\nPara continuar jogando, você precisa ter desbloqueado o jogo completo.\n\nSe você já fez isso, verifique se está conectado ao Google Play com aconta que\nfez a compra e se está conectado à Internet.\n\nSe você ainda não desbloqueou o jogo completo, toque no botão \"Loja\"\npara comprá-lo agora.",
		"LicenseInitialising": "Contatando a loja para verificar o acesso completo ao jogo...",
		"LeftJumpDoubleTap": "Salto controle esquerdo: Toque Duplo",
		"LeftJumpSingleTap": "Salto controle esquerdo: Um Toque",
		"LeftJumpUp": "Salto controle esquerdo: Up (Legado)",
		"LeftJumpDisabled": "Salto controle esquerdo: Desativado"
	},
	
	"UI":	{
		"WorldSizeTiny": "Minúsculo"
	}
}
