{
	"ProjectileName": {
		"AdamantiteChainsaw": "Serra-elétrica de Adamantino",
		"AdamantiteDrill": "Furadeira de Adamantino",
		"AdamantiteGlaive": "Gládio de Adamantino",
		"Amarok": "Ioiô",
		"AmberBolt": "Raio de Âmbar",
		"AmethystBolt": "Raio Ametista",
		"Anchor": "Âncora",
		"AncientDoomProjectile": "Fim da Profecia",
		"AntiGravityHook": "Gancho Antigravitacional",
		"Arkhalis": "Arkhalis",
		"AshBallFalling": "Bola de Cinzas",
		"BabyDino": "Filhote de Dinossauro",
		"BabyEater": "Devorador de Bebês",
		"BabyFaceMonster": "Monstro Cara de Bebê",
		"BabyGrinch": "Filhote de Grinch",
		"BabyHornet": "Filhote de Vespa",
		"BabySkeletronHead": "Cabeça de Esqueletron Bebê",
		"BabySlime": "Bebê de Geleia",
		"BabySnowman": "Filhote de Boneco de Neve",
		"BabySpider": "Filhote de Aranha",
		"BallofFire": "Bola de Fogo",
		"BallofFrost": "Bola Congelada",
		"BallOHurt": "Bola de Dor",
		"Bananarang": "Bananarangue",
		"Bat": "Morcego",
		"BatHook": "Gancho de Morcego",
		"BeachBall": "Bola de Praia",
		"Bee": "Abelha",
		"BeeArrow": "Flecha de Abelha",
		"BeeHive": "Colmeia",
		"Beenade": "Granada de Abelhas",
		"BlackBolt": "Detonador de Ônix",
		"BlackCat": "Gato Preto",
		"BlackCounterweight": "Contrapeso",
		"Blizzard": "Nevasca",
		"BloodCloudMoving": "Nuvem de Sangue",
		"BloodCloudRaining": "Nuvem de Sangue",
		"BloodRain": "Chuva de Sangue",
		"BloodWater": "Água de Sangue",
		"BloodyMachete": "Machadinha Sangrenta",
		"BlowupSmoke": "Fumaça de Explosão",
		"BlowupSmokeMoonlord": "Fumaça de Explosão",
		"BlueCounterweight": "Contrapeso",
		"BlueFairy": "Fada Azul",
		"BlueFlare": "Chama Azul",
		"BlueMoon": "Lua Azul",
		"BobberFiberglass": "Isca Flutuante",
		"BobberFisherOfSouls": "Isca Flutuante",
		"BobberFleshcatcher": "Isca Flutuante",
		"BobberGolden": "Isca Flutuante",
		"BobberHotline": "Isca Flutuante",
		"BobberMechanics": "Isca Flutuante",
		"BobberReinforced": "Isca Flutuante",
		"BobbersittingDuck": "Isca Flutuante",
		"BobberWooden": "Isca Flutuante",
		"Bomb": "Bomba",
		"BombFish": "Peixe Bomba",
		"BombSkeletronPrime": "Bomba",
		"Bone": "Osso",
		"BoneArrow": "Flecha de Osso",
		"BoneArrowFromMerchant": "Flecha de Osso",
		"BoneDagger": "Adaga de Osso",
		"BoneGloveProj": "XBOsso",
		"BoneJavelin": "Lança de Osso",
		"Boulder": "Rochedo",
		"BoulderStaffOfEarth": "Rochedo",
		"BouncyBomb": "Bomba Saltitante",
		"BouncyDynamite": "Dinamite Saltitante",
		"BouncyGlowstick": "Bastão Luminoso Saltitante",
		"BouncyGrenade": "Granada Saltitante",
		"BoxingGlove": "Luva de Boxe",
		"BrainOfConfusion": "Cérebro da Confusão",
		"BrainScramblerBolt": "Raio Embaralhador de Cérebro",
		"Bubble": "Bolha",
		"Bullet": "Projétil",
		"BulletDeadeye": "Projétil",
		"BulletHighVelocity": "Projétil",
		"BulletSnowman": "Projétil",
		"Bunny": "Coelhinho",
		"ButchersChainsaw": "Serra-elétrica do Açougueiro",
		"CandyCaneHook": "Gancho de Doce",
		"CandyCorn": "Doces",
		"CannonballFriendly": "Bala de Canhão",
		"CannonballHostile": "Bala de Canhão",
		"Cascade": "Ioiô",
		"ChainGuillotine": "Guilhotina com Corrente",
		"ChainKnife": "Faca com Corrente",
		"ChargedBlasterCannon": "Canhão Detonador Carregado",
		"ChargedBlasterLaser": "Laser Detonador Carregado",
		"ChargedBlasterOrb": "Esfera Detonadora Carregada",
		"Chik": "Ioiô",
		"ChlorophyteArrow": "Flecha de Clorofita",
		"ChlorophyteBullet": "Projétil",
		"ChlorophyteChainsaw": "Serra-elétrica de Clorofita",
		"ChlorophyteDrill": "Furadeira de Clorofita",
		"ChlorophyteJackhammer": "Britadeira de Clorofita",
		"ChlorophyteOrb": "Esfera de Clorofita",
		"ChlorophytePartisan": "Partisan de Clorofita",
		"ChristmasHook": "Gancho de Natal",
		"ClingerStaff": "Chamas Amaldiçoadas",
		"ClothiersCurse": "Caveira",
		"CobaltChainsaw": "Barra de Mithril",
		"CobaltDrill": "Serra elétrica de Mithril",
		"CobaltNaginata": "Naginata de Cobalto",
		"Code1": "Ioiô",
		"Code2": "Ioiô",
		"CoinPortal": "Portal de Moedas",
		"CompanionCube": "Cubo Companheiro",
		"ConfettiGun": "Confetes",
		"ConfettiMelee": "Confetes",
		"CopperCoin": "Moeda de Cobre",
		"CopperCoinsFalling": "Moedas de Cobre",
		"CorruptSpray": "Jato Corrompido",
		"CorruptYoyo": "Ioiô",
		"CrimsandBallFalling": "Bola de Areia Vermelha",
		"CrimsandBallGun": "Bola de Areia Vermelha",
		"CrimsonHeart": "Coração de Carmesim",
		"CrimsonSpray": "Jato de Carmesim",
		"CrimsonYoyo": "Ioiô",
		"CrossGraveMarker": "Lápide",
		"CrystalBullet": "Projétil de Cristal",
		"CrystalDart": "Dardo de Cristal",
		"CrystalLeaf": "Folha de Cristal",
		"CrystalLeafShot": "Folha de Cristal",
		"CrystalPulse": "Carga de Cristal",
		"CrystalPulse2": "Carga de Cristal",
		"CrystalShard": "Fragmento de Cristal",
		"CrystalStorm": "Tempestade de Cristal",
		"CrystalVileShardHead": "Fragmento de Cristal Infame",
		"CrystalVileShardShaft": "Fragmento de Cristal Infame",
		"Cthulunado": "Cthulunado",
		"CultistBossFireBall": "Bola de Fogo",
		"CultistBossFireBallClone": "Bola de Fogo de Sombra",
		"CultistBossIceMist": "Névoa de Gelo",
		"CultistBossLightningOrb": "Esfera Relâmpago",
		"CultistBossLightningOrbArc": "Arco de Esfera Relâmpago",
		"CultistBossParticle": "Energia",
		"CultistRitual": "Ritual do Relâmpago",
		"CursedArrow": "Flecha Amaldiçoada",
		"CursedBullet": "Projétil Amaldiçoada",
		"CursedDart": "Dardo Amaldiçoado",
		"CursedDartFlame": "Chama Amaldiçoada",
		"CursedFlameFriendly": "Chama Amaldiçoada",
		"CursedFlameHostile": "Chama Amaldiçoada",
		"CursedSapling": "Plantinha Amaldiçoada",
		"DangerousSpider": "Aranha Perigosa",
		"DarkLance": "Lança das Trevas",
		"Daybreak": "Nascer do Sol",
		"DD2FlameBurstTowerT1": "Torre das Chamas Explosivas",
		"DD2FlameBurstTowerT1Shot": "Torre das Chamas Explosivas",
		"DD2FlameBurstTowerT2": "Torre das Chamas Explosivas",
		"DD2FlameBurstTowerT2Shot": "Torre das Chamas Explosivas",
		"DD2FlameBurstTowerT3": "Torre das Chamas Explosivas",
		"DD2FlameBurstTowerT3Shot": "Torre das Chamas Explosivas",
		"DD2JavelinHostile": "Lança",
		"DeadlySphere": "Esfera Mortal",
		"DeathLaser": "Laser da Morte",
		"DeathSickle": "Foice da Morte",
		"DemonScythe": "Gadanha Demoníaca",
		"DemonSickle": "Foice Demoníaca",
		"DesertDjinnCurse": "Maldição do Espírito do Deserto",
		"DiamondBolt": "Raio Diamante",
		"DirtBall": "Bola de Terra",
		"DrillMountCrosshair": "Mira da Furadeira",
		"DrManFlyFlask": "Frasco",
		"DryadsWardCircle": "Proteção da Dríade",
		"DualHookBlue": "Gancho",
		"DualHookRed": "Gancho",
		"Dynamite": "Dinamite",
		"EatersBite": "Mordida do Devorador",
		"EbonsandBallFalling": "Alabarda de Mithril",
		"EbonsandBallGun": "Alabarda de Mithril",
		"EighthNote": "Nota",
		"Electrosphere": "Eletroesfera",
		"ElectrosphereMissile": "Míssil de Eletroesfera",
		"EmeraldBolt": "Raio Esmeralda",
		"EnchantedBeam": "Feixe Encantado",
		"EnchantedBoomerang": "Bumerangue Encantado",
		"ExplosiveBullet": "Projétil Explosiva",
		"ExplosiveBunny": "Coelhinho Explosivo",
		"Explosives": "Explosivos",
		"EyeBeam": "Feixe de Olhos",
		"EyeFire": "Fogo dos Olhos",
		"EyeLaser": "Laser dos Olhos",
		"EyeSpring": "Olho com Mola",
		"FallingStar": "Estrela Cadente",
		"FireArrow": "Flecha de Fogo",
		"Fireball": "Bola de Fogo",
		"FireworkFountainBlue": "Fonte de Fogos de Artifício",
		"FireworkFountainRainbow": "Fonte de Fogos de Artifício",
		"FireworkFountainRed": "Fonte de Fogos de Artifício",
		"FireworkFountainYellow": "Fonte de Fogos de Artifício",
		"FishHook": "Anzol para Peixes",
		"Flairon": "Mangual-Dragão",
		"FlaironBubble": "Bolha do Mangual-Dragão",
		"Flamarang": "Bumerangue Flamejante",
		"Flamelash": "Chicote Flamejante",
		"Flames": "Chamas",
		"FlamesTrap": "Chamas",
		"FlamethrowerTrap": "Lança-Chamas",
		"FlamingArrow": "Flecha Flamejante",
		"FlamingJack": "Abóbora Flamejante",
		"FlamingScythe": "Foice em Chamas",
		"FlamingWood": "Madeira em Chamas",
		"Flare": "Sinalizador",
		"FlowerPetal": "Pétala",
		"FlowerPow": "Poder das Flores",
		"FlowerPowPetal": "Poder das Flores",
		"FlyingImp": "Demônio Voador",
		"FlyingKnife": "Faca Voadora",
		"FlyingPiggyBank": "Porquinho Voador",
		"FormatC": "Ioiô",
		"FoulPotion": "Poção Terrível",
		"FrostArrow": "Flecha Congelada",
		"FrostBeam": "Feixe Congelado",
		"FrostBlastFriendly": "Explosão Congelante",
		"FrostBlastHostile": "Explosão Congelante",
		"FrostBoltStaff": "Raio Congelado",
		"FrostBoltSword": "Raio Congelado",
		"FrostburnArrow": "Flecha de Queimadura de Gelo",
		"FrostDaggerfish": "Peixe-Adaga Congelado",
		"FrostHydra": "Hidra Congelada",
		"FrostShard": "Estilhaço Congelado",
		"FrostWave": "Onda de Gelo",
		"FruitcakeChakram": "Chakram com Frutas Cristalizadas",
		"GemHookAmethyst": "Gancho de Pedras Preciosas",
		"GemHookDiamond": "Gancho de Pedras Preciosas",
		"GemHookEmerald": "Gancho de Pedras Preciosas",
		"GemHookRuby": "Gancho de Pedras Preciosas",
		"GemHookSapphire": "Gancho de Pedras Preciosas",
		"GemHookTopaz": "Gancho de Pedras Preciosas",
		"GeyserTrap": "Gêiser",
		"GiantBee": "Abelha",
		"GigaZapperSpear": "Ponta-de-Lança Gigaelétrica",
		"Glowstick": "Bastão Luminoso",
		"GoldCoin": "Moeda de Ouro",
		"GoldCoinsFalling": "Moedas de Ouro",
		"GoldenBullet": "Projétil Dourado",
		"GoldenShowerFriendly": "Chuveiro Dourado",
		"GoldenShowerHostile": "Chuveiro Dourado",
		"GolemFist": "Punho de Golem",
		"Gradient": "Ioiô",
		"GraveMarker": "Lápide",
		"Gravestone": "Lápide",
		"GreekFire1": "Fogo Grego",
		"GreekFire2": "Fogo Grego",
		"GreekFire3": "Fogo Grego",
		"GreenCounterweight": "Contrapeso",
		"GreenFairy": "Fada Cor-de-rosa",
		"GreenLaser": "Laser Verde",
		"Grenade": "Granada",
		"GrenadeI": "Granada",
		"GrenadeII": "Granada",
		"GrenadeIII": "Granada",
		"GrenadeIV": "Granada",
		"Gungnir": "Gungnir",
		"HallowSpray": "Jato Consagrado",
		"HallowStar": "Estrela Consagrada",
		"Hamdrax": "Hamdrax",
		"HappyBomb": "Bomba Feliz",
		"Harpoon": "Arpão",
		"HarpyFeather": "Pena de Harpia",
		"Headstone": "Lápide",
		"HeatRay": "Raio de Calor",
		"HelFire": "Ioiô",
		"HellfireArrow": "Flecha do Inferno",
		"Hellwing": "Asa do Inferno",
		"HolyArrow": "Flecha Consagrada",
		"HolyWater": "Água Benta",
		"Hook": "Gancho",
		"Hornet": "Vespa",
		"HornetStinger": "Ferroada de Vespa",
		"IceBlock": "Bloco de Gelo",
		"IceBolt": "Raio de Gelo",
		"IceBoomerang": "Bumerangue de Gelo",
		"IceSickle": "Foice de Gelo",
		"IceSpike": "Espeto de Gelo",
		"IcewaterSpit": "Cusparada de Água Gelada",
		"IchorArrow": "Flecha de Ichor",
		"IchorBullet": "Projétil de Ichor",
		"IchorDart": "Dardo de Ichor",
		"IchorSplash": "Respingo de Ichor",
		"IlluminantHook": "Gancho",
		"ImpFireball": "Bola de Fogo de Demônio",
		"InfernoFriendlyBlast": "Inferno",
		"InfernoFriendlyBolt": "Inferno",
		"InfernoHostileBlast": "Inferno",
		"InfernoHostileBolt": "Inferno",
		"InfluxWaver": "Ondulador de Fluxo",
		"IvyWhip": "Chicote de Hera",
		"JackOLantern": "Abóbora do Dia das Bruxas",
		"JavelinFriendly": "Lança",
		"JavelinHostile": "Lança",
		"JestersArrow": "Flecha do Jester",
		"JumperSpider": "Aranha Saltitante",
		"JungleSpike": "Espeto da Selva",
		"JungleYoyo": "Ioiô",
		"Kraken": "Ioiô",
		"Landmine": "Mina Terrestre",
		"LaserDrill": "Furadeira Laser",
		"LaserMachinegun": "Metralhadora Laser",
		"LaserMachinegunLaser": "Laser",
		"LastPrism": "Último Prisma",
		"LastPrismLaser": "Último Prisma",
		"Leaf": "Folha",
		"LightBeam": "Feixe de Luz",
		"LightDisc": "Disco de Luz",
		"LostSoulFriendly": "Alma Perdida",
		"LostSoulHostile": "Alma Perdida",
		"LovePotion": "Poção do Amor",
		"LunarFlare": "Chamas da Lua",
		"LunarHookNebula": "Gancho da Lua",
		"LunarHookSolar": "Gancho da Lua",
		"LunarHookStardust": "Gancho da Lua",
		"LunarHookVortex": "Gancho da Lua",
		"MagicDagger": "Adaga Mágica",
		"MagicLantern": "Lanterna Mágica",
		"MagicMissile": "Míssil Mágico",
		"MagnetSphereBall": "Esfera Magnética",
		"MagnetSphereBolt": "Esfera Magnética",
		"MartianTurretBolt": "Raio Elétrico",
		"MartianWalkerLaser": "Raio Laser",
		"MechanicalPiranha": "Piranha Mecânica",
		"MechanicWrench": "Ferramenta do Mecânico",
		"MedusaHead": "Raio da Medusa",
		"MedusaHeadRay": "Raio da Medusa",
		"Meowmere": "Espada-Gato",
		"Meteor1": "Meteoro",
		"Meteor2": "Meteoro",
		"Meteor3": "Meteoro",
		"MeteorShot": "Tiro de Meteoros",
		"MinecartMechLaser": "Laser da Vagoneta",
		"MiniMinotaur": "Mini-Minotauro",
		"MiniRetinaLaser": "Mini-Laser Retina",
		"MiniSharkron": "Mini Tubarão-Dragão",
		"Missile": "Míssil",
		"MolotovCocktail": "Coquetel Molotov",
		"MolotovFire": "Fogo Molotov",
		"MolotovFire2": "Fogo Molotov",
		"MolotovFire3": "Fogo Molotov",
		"MoonLeech": "Sanguessuga da Lua",
		"MoonlordArrow": "Flecha de Luminita",
		"MoonlordArrowTrail": "Flecha de Luminita",
		"MoonlordBullet": "Projétil de Luminita",
		"MoonlordTurret": "Portal da Lua",
		"MoonlordTurretLaser": "Laser do Portal da Lua",
		"MudBall": "Bola de Lama",
		"Mushroom": "Cogumelo",
		"MushroomSpear": "Lança de Cogumelos",
		"MushroomSpray": "Jato de Cogumelos",
		"MythrilChainsaw": "Serra elétrica de Mithril",
		"MythrilDrill": "Furadeira de Mithril",
		"MythrilHalberd": "Alabarda de Mithril",
		"Nail": "Prego",
		"NailFriendly": "Prego",
		"NanoBullet": "Nano-Projétil",
		"NebulaArcanum": "Arcano de Nébula",
		"NebulaArcanumExplosionShot": "Arcano de Nébula",
		"NebulaArcanumExplosionShotShard": "Arcano de Nébula",
		"NebulaArcanumSubshot": "Arcano de Nébula",
		"NebulaBlaze1": "Chama de Nébula",
		"NebulaBlaze2": "Chama de Nébula X",
		"NebulaBolt": "Perfuratriz de Nébula",
		"NebulaChainsaw": "Serra-elétrica de Nébula",
		"NebulaDrill": "Furadeira de Nébula",
		"NebulaEye": "Olho de Nébula",
		"NebulaLaser": "Laser de Nébula",
		"NebulaSphere": "Esfera de Nébula",
		"NettleBurstEnd": "Explosão de Urtiga",
		"NettleBurstLeft": "Explosão de Urtiga",
		"NettleBurstRight": "Explosão de Urtiga",
		"NightBeam": "Feixe da Noite",
		"None": "",
		"NorthPoleSnowflake": "Polo Norte",
		"NorthPoleSpear": "Polo Norte",
		"NorthPoleWeapon": "Polo Norte",
		"NurseSyringeHeal": "Seringa",
		"NurseSyringeHurt": "Seringa",
		"Obelisk": "Lápide",
		"ObsidianSwordfish": "Peixe-Espada de Obsidiana",
		"OneEyedPirate": "Pirata de Um Olho Só",
		"OrichalcumChainsaw": "Serra Elétrica de Oricalco",
		"OrichalcumDrill": "Furadeira de Oricalco",
		"OrichalcumHalberd": "Alabarda de Oricalco",
		"OrnamentFriendly": "Ornamento",
		"OrnamentHostile": "Ornamento",
		"OrnamentHostileShrapnel": "Ornamento",
		"PainterPaintball": "Paintball",
		"PaladinsHammerFriendly": "Martelo do Paladino",
		"PaladinsHammerHostile": "Martelo do Paladino",
		"PalladiumChainsaw": "Serra Elétrica de Paládio",
		"PalladiumDrill": "Furadeira de Paládio",
		"PalladiumPike": "Pique de Paládio",
		"Parrot": "Papagaio",
		"PartyBullet": "Projétil de Festa",
		"PartyGirlGrenade": "Granada de Confetes",
		"PearlSandBallFalling": "Bola de Areia Pérola",
		"PearlSandBallGun": "Bola de Areia Pérola",
		"Penguin": "Pinguim",
		"PetLizard": "Lagarto de Estimação",
		"Phantasm": "Fantasma",
		"PhantasmalBolt": "Raio Fantasmagórico",
		"PhantasmalDeathray": "Raio da Morte Fantasmagórico",
		"PhantasmalEye": "Olho Fantasmagórico",
		"PhantasmalSphere": "Esfera Fantasmagórica",
		"PhantasmArrow": "Fantasma",
		"PhasicWarpDisc": "",
		"PhasicWarpEjector": "",
		"PineNeedleFriendly": "Agulha de Pinheiro",
		"PineNeedleHostile": "Agulha de Pinheiro",
		"PinkFairy": "Fada Cor-de-rosa",
		"PinkLaser": "Laser Cor-de-rosa",
		"PirateCaptain": "Capitão Pirata",
		"PlatinumCoin": "Moeda de Platina",
		"PlatinumCoinsFalling": "Moedas de Platina",
		"PoisonDart": "Dardo Envenenado",
		"PoisonDartBlowgun": "Dardo Envenenado",
		"PoisonDartTrap": "Dardo Envenenado",
		"PoisonedKnife": "Faca Envenenada",
		"PoisonFang": "Presa Envenenada",
		"PoisonSeedPlantera": "Semente Envenenada",
		"PortalGun": "Pistola do Portal",
		"PortalGunBolt": "Raio do Portal",
		"PortalGunGate": "Entrada do Portal",
		"PossessedHatchet": "Machadinha Possuída",
		"Present": "Presente",
		"ProximityMineI": "Minas de Proximidade",
		"ProximityMineII": "Minas de Proximidade",
		"ProximityMineIII": "Minas de Proximidade",
		"ProximityMineIV": "Minas de Proximidade",
		"PulseBolt": "Raio de Pulso",
		"Puppy": "Cachorrinho",
		"PureSpray": "Jato Puro",
		"PurificationPowder": "Pó Purificador",
		"PurpleCounterweight": "Contrapeso",
		"PurpleLaser": "Laser Roxo",
		"Pygmy": "Pigmeu",
		"Pygmy2": "Pigmeu",
		"Pygmy3": "Pigmeu",
		"Pygmy4": "Pigmeu",
		"PygmySpear": "Pigmeu",
		"QuarterNote": "Nota",
		"RainbowBack": "Arco-íris",
		"RainbowCrystal": "Cristal Arco-íris",
		"RainbowCrystalExplosion": "Explosão Arco-íris",
		"RainbowFront": "Arco-íris",
		"RainbowRodBullet": "Arco-íris",
		"RainCloudMoving": "Nuvem de Chuva",
		"RainCloudRaining": "Nuvem de Chuva",
		"RainFriendly": "Chuva",
		"RainNimbus": "Chuva",
		"Rally": "Ioiô",
		"Raven": "Corvo",
		"RayGunnerLaser": "Raio Laser",
		"RedCounterweight": "Contrapeso",
		"RedsYoyo": "Ioiô",
		"Retanimini": "Retanimini",
		"RichGravestone1": "Lápide",
		"RichGravestone2": "Lápide",
		"RichGravestone3": "Lápide",
		"RichGravestone4": "Lápide",
		"RichGravestone5": "Lápide",
		"RocketFireworkBlue": "Foguete",
		"RocketFireworkGreen": "Foguete",
		"RocketFireworkRed": "Foguete",
		"RocketFireworksBoxBlue": "Foguete",
		"RocketFireworksBoxGreen": "Foguete",
		"RocketFireworksBoxRed": "Foguete",
		"RocketFireworksBoxYellow": "Foguete",
		"RocketFireworkYellow": "Foguete",
		"RocketI": "Foguete",
		"RocketII": "Foguete",
		"RocketIII": "Foguete",
		"RocketIV": "Foguete",
		"RocketSkeleton": "Foguete",
		"RocketSnowmanI": "Foguete",
		"RocketSnowmanII": "Foguete",
		"RocketSnowmanIII": "Foguete",
		"RocketSnowmanIV": "Foguete",
		"RopeCoil": "Rolo de Corda",
		"RottenEgg": "Ovo Podre",
		"RubyBolt": "Raio Rubi",
		"RuneBlast": "Explosão de Runas",
		"SalamanderSpit": "Cusparada de Veneno",
		"SandBallFalling": "Bola de Areia",
		"SandBallGun": "Bola de Areia",
		"SandnadoFriendly": "Tempestade Antiga",
		"SandnadoHostile": "Tempestade Antiga",
		"SandnadoHostileMark": "Tempestade Antiga",
		"SantaBombs": "Decoração de Natal",
		"Sapling": "Muda",
		"SapphireBolt": "Raio Safira",
		"SaucerDeathray": "Raio da Morte de Marte",
		"SaucerLaser": "Laser do Disco Voador",
		"SaucerMissile": "Foguete de Marte",
		"SaucerScrap": "Sucata de Disco Voador",
		"SawtoothShark": "Tubarão de Dentes Serrados",
		"ScutlixLaser": "Laser",
		"ScutlixLaserCrosshair": "Mira do Scutlix",
		"ScutlixLaserFriendly": "Laser do Scutlix",
		"Seed": "Semente",
		"SeedlerNut": "Espada Espinho",
		"SeedlerThorn": "Espada Espinho",
		"SeedPlantera": "Semente",
		"ShadowBeamFriendly": "Feixe das Sombras",
		"ShadowBeamHostile": "Feixe das Sombras",
		"ShadowFlame": "Chamas das Sombras",
		"ShadowFlameArrow": "Flecha das Chamas das Sombras",
		"ShadowFlameKnife": "Faca das Chamas das Sombras",
		"Shadowflames": "Chamas das Sombras",
		"ShadowOrb": "Esfera das Sombras",
		"Sharknado": "Tornado de Tubarões",
		"SharknadoBolt": "Raio do Tornado de Tubarões",
		"Shuriken": "Estrela Ninja",
		"SilkRopeCoil": "Rolo de Corda",
		"SiltBall": "Bola de Lodo",
		"SilverCoin": "Moeda de Prata",
		"SilverCoinsFalling": "Moedas de Prata",
		"SkeletonBone": "Osso",
		"SkeletronHand": "Mão de Esqueletron",
		"Skull": "Caveira",
		"SkyFracture": "Fratura do Céu",
		"SlimeGun": "Arma de Geleia",
		"SlimeHook": "Gancho de Geleia",
		"SlushBall": "Bola de Lama com Neve",
		"SmokeBomb": "Bomba de Fumaça",
		"SniperBullet": "Projétil do Atirador",
		"SnowBallFriendly": "Bola de Neve",
		"SnowBallHostile": "Bola de Neve",
		"SolarCounter": "Resplendor Solar",
		"SolarFlareChainsaw": "Serra-elétrica das Chamas do Sol",
		"SolarFlareDrill": "Furadeira das Chamas do Sol",
		"SolarFlareRay": "Chamas do Sol",
		"SolarWhipSword": "Erupção Solar",
		"SolarWhipSwordExplosion": "Erupção Solar",
		"SoulDrain": "Drenagem da Alma",
		"SoulscourgePirate": "Pirata Atormentador de Almas",
		"Spark": "Faísca",
		"Spazmamini": "Spazmamini",
		"Spear": "Lança",
		"SpearTrap": "Lança",
		"SpectreWrath": "Ira do Espectro",
		"SpelunkerGlowstick": "Bastão Luminoso do Espeleólogo",
		"Spider": "Aranha",
		"SpiderEgg": "Ovo de Aranha",
		"SpiderHiver": "Torreão Aranha",
		"Spike": "Espinho",
		"SpikedSlimeSpike": "Lança da Geleia",
		"SpikyBall": "Bola com Espinhos",
		"SpikyBallTrap": "Bola com Espinhos",
		"SpiritFlame": "Chamas Espirituais",
		"SpiritHeal": "Cura Espiritual",
		"SporeCloud": "Nuvem de Esporos",
		"SporeGas": "Esporo",
		"SporeGas2": "Esporo",
		"SporeGas3": "Esporo",
		"SporeTrap": "Esporo",
		"SporeTrap2": "Esporo",
		"Squashling": "Abóbora",
		"Stake": "Estaca",
		"StarAnise": "Estrela Anise",
		"StardustCellMinion": "Célula de Pó das Estrelas",
		"StardustCellMinionShot": "Célula de Pó das Estrelas",
		"StardustChainsaw": "Serra-elétrica de Pó das Estrelas",
		"StardustDragon1": "Dragão de Pó das Estrelas",
		"StardustDragon2": "Dragão de Pó das Estrelas",
		"StardustDragon3": "Dragão de Pó das Estrelas",
		"StardustDragon4": "Dragão de Pó das Estrelas",
		"StardustDrill": "Furadeira de Pó das Estrelas",
		"StardustGuardian": "Guardião de Pó das Estrelas",
		"StardustGuardianExplosion": "Explosão das Estrelas",
		"StardustJellyfishSmall": "Invasor de Fluxo",
		"StardustSoldierLaser": "Laser de Pó das Estrelas",
		"StardustTowerMark": "Marca das Estrelas",
		"Starfury": "Fúria das Estrelas",
		"StarWrath": "Ira das Estrelas",
		"StaticHook": "Gancho Estático",
		"StickyBomb": "Bomba Adesiva",
		"StickyDynamite": "Dinamite Adesiva",
		"StickyGlowstick": "Bastão Luminoso Adesivo",
		"StickyGrenade": "Granada Adesiva",
		"Stinger": "Ferroada",
		"Stynger": "Ferroada",
		"StyngerShrapnel": "Ferroada",
		"Sunfury": "Fúria do Sol",
		"SuspiciousTentacle": "Tentáculo Suspeito",
		"SwordBeam": "Feixe de Espada",
		"Swordfish": "Peixe-Espada",
		"Tempest": "Tempestade",
		"TendonHook": "Gancho",
		"TerraBeam": "Feixe da Terra",
		"Terrarian": "Terrariano",
		"TerrarianBeam": "Terrariano",
		"TheDaoofPow": "Corrente de Dao",
		"TheEyeOfCthulhu": "Ioiô",
		"TheMeatball": "A Almôndega",
		"TheRottedFork": "O Garfo Podre",
		"ThornBall": "Bola com Espinhos",
		"ThornChakram": "Chakram com Espinhos",
		"ThornHook": "Gancho",
		"ThrowingKnife": "Faca de Arremessar",
		"TiedEighthNote": "Nota",
		"TikiSpirit": "Espírito Tiki",
		"TinyEater": "Pequeno Devorador",
		"TitaniumChainsaw": "Serra-elétrica de Titânio",
		"TitaniumDrill": "Furadeira de Titânio",
		"TitaniumTrident": "Tridente de Titânio",
		"Tombstone": "Lápide",
		"TopazBolt": "Raio Topázio",
		"TowerDamageBolt": "Energia Liberada",
		"ToxicBubble": "Bolha Tóxica",
		"ToxicCloud": "Nuvem Tóxica",
		"ToxicCloud2": "Nuvem Tóxica",
		"ToxicCloud3": "Nuvem Tóxica",
		"ToxicFlask": "Frasco Tóxico",
		"TrackHook": "Gancho de Trilho",
		"Trident": "Tridente",
		"Truffle": "Trufa",
		"TruffleSpore": "Esporo da Trufa",
		"Turtle": "Tartaruga",
		"Twinkle": "Brilho",
		"Typhoon": "Tufão",
		"UFOLaser": "Raio do OVNI",
		"UFOMinion": "OVNI",
		"UnholyArrow": "Flecha Profana",
		"UnholyTridentFriendly": "Tridente Profano",
		"UnholyTridentHostile": "Tridente Profano",
		"UnholyWater": "Água Profana",
		"ValkyrieYoyo": "Ioiô",
		"Valor": "Ioiô",
		"VampireHeal": "Cura do Vampiro",
		"VampireKnife": "Faca do Vampiro",
		"VenomArrow": "Flecha com Veneno",
		"VenomBullet": "Projétil com Veneno",
		"VenomFang": "Presa com Veneno",
		"VenomSpider": "Aranha Venenosa",
		"ViciousPowder": "Pó Terrível",
		"VilePowder": "Pó Infame",
		"VilethornBase": "Espinho Infame",
		"VilethornTip": "Espinho Infame",
		"VineRopeCoil": "Rolo de Vinha",
		"VortexAcid": "Meleca Alienígena",
		"VortexBeater": "Espingarda do Vórtice",
		"VortexBeaterRocket": "Foguete do Vórtice",
		"VortexChainsaw": "Serra-elétrica do Vórtice",
		"VortexDrill": "Furadeira do Vórtice",
		"VortexLaser": "Laser do Vórtice",
		"VortexLightning": "Relâmpago do Vórtice",
		"VortexVortexLightning": "Vórtice",
		"VortexVortexPortal": "Vórtice",
		"Wasp": "Vespa",
		"WaterBolt": "Raio d'água",
		"WaterGun": "Arma d'água",
		"WaterStream": "Fio d'água",
		"Web": "Teia",
		"WebRopeCoil": "Rolo de Corda",
		"WebSpit": "Cusparada de Teia",
		"WireKite": "Kit de Cabos",
		"Wisp": "Luz Fantasma",
		"WoodenArrowFriendly": "Flecha de Madeira",
		"WoodenArrowHostile": "Flecha de Madeira",
		"WoodenBoomerang": "Bumerangue de Madeira",
		"WoodHook": "Gancho de Madeira",
		"WoodYoyo": "Ioiô",
		"WormHook": "Gancho",
		"Xenopopper": "Xenopopper",
		"Yelets": "Ioiô",
		"YellowCounterweight": "Contrapeso",
		"ZephyrFish": "Peixe do Zéfiro",
		"Ale": "Cerveja",
		"ApprenticeStaffT3Shot": "Ira de Betsy",
		"BookStaffShot": "Tomo da Sabedoria Infinita",
		"DD2ApprenticeStorm": "Redemoinho da Sabedoria Infinita",
		"DD2BallistraProj": "Balista",
		"DD2BallistraTowerT1": "Balista",
		"DD2BallistraTowerT2": "Balista",
		"DD2BallistraTowerT3": "Balista",
		"DD2BetsyArrow": "Maldição Aérea",
		"DD2BetsyFireball": "Bola de Fogo de Betsy",
		"DD2BetsyFlameBreath": "Sopro de Betsy",
		"DD2DarkMageBolt": "Energia Sombria",
		"DD2DarkMageHeal": "Símbolo Sombrio",
		"DD2DarkMageRaise": "Símbolo Sombrio",
		"DD2DrakinShot": "Drakin",
		"DD2ElderWins": "Triste Fim",
		"DD2ExplosiveTrapT1": "Armadilha Explosiva",
		"DD2ExplosiveTrapT1Explosion": "Armadilha Explosiva",
		"DD2ExplosiveTrapT2": "Armadilha Explosiva",
		"DD2ExplosiveTrapT2Explosion": "Armadilha Explosiva",
		"DD2ExplosiveTrapT3": "Armadilha Explosiva",
		"DD2ExplosiveTrapT3Explosion": "Armadilha Explosiva",
		"DD2GoblinBomb": "Bomba dos Goblins",
		"DD2LightningAuraT1": "Aura de Relâmpagos",
		"DD2LightningAuraT2": "Aura de Relâmpagos",
		"DD2LightningAuraT3": "Aura de Relâmpagos",
		"DD2LightningBugZap": "Raio da Definha",
		"DD2OgreSmash": "Pisada do Ogro",
		"DD2OgreSpit": "Cusparada do Ogro",
		"DD2OgreStomp": "Pisada do Ogro",
		"DD2PetDragon": "Coleciodragão",
		"DD2PetGato": "Gato de Hélices",
		"DD2PetGhost": "Velinha",
		"DD2PhoenixBow": "Fantasma da Fênix",
		"DD2PhoenixBowShot": "Fantasma da Fênix",
		"DD2SquireSonicBoom": "Corte Poderoso",
		"DD2Win": "Vitória!",
		"MonkStaffT1": "Octopod Sonolento",
		"MonkStaffT1Explosion": "Golpe com Vara",
		"MonkStaffT2": "Gládio Terrível",
		"MonkStaffT2Ghast": "Phantasma",
		"MonkStaffT3": "Fúria do Dragão Celeste",
		"MonkStaffT3_Alt": "Fúria do Dragão Celeste",
		"MonkStaffT3_AltShot": "Fúria do Dragão Celeste",
		"DD2JavelinHostileT3": "{$ProjectileName.DD2JavelinHostile}"
	}
}