{
	"Announcement": {
		"HasBeenDefeated_Plural": "{0} sono stati sconfitti!",
		"HasBeenDefeated_Single": "{0} è stato sconfitto!",
		"HasAwoken": "{0} si è svegliato!",
		"HasArrived": "{0} è arrivato!"
	},
	"ArmorSetBonus": {
		"MetalTier1": "2 difesa",
		"MetalTier2": "3 difesa",
		"CobaltRanged": "20% di probabilità di non consumare munizioni",
		"MythrilCaster": "Consumo mana ridotto del 17%",
		"MythrilMelee": "Possibilità di colpo critico nel corpo a corpo aumentata del 5%",
		"MythrilRanged": "20% di probabilità di non consumare munizioni",
		"AdamantiteCaster": "Consumo mana ridotto del 19%",
		"AdamantiteMelee": "Velocità di corpo a corpo e movimento aumentata del 18%",
		"AdamantiteRanged": "25% di probabilità di non consumare munizioni",
		"HallowCaster": "Consumo mana ridotto del 20%",
		"HallowMelee": "Velocità di corpo a corpo e movimento aumentata del 19%",
		"HallowRanged": "25% di probabilità di non consumare munizioni",
		"ShadowScale": "Velocità di movimento aumentata del 15%",
		"Wood": "1 difesa",
		"Crimson": "Aumenta notevolmente la rigenerazione vita",
		"Frost": "Gli attacchi in mischia e a distanza provocano scottatura raggelante",
		"Tiki": "Aumenta il numero massimo dei tuoi seguaci",
		"Palladium": "La rigenerazione vita aumenta notevolmente dopo aver colpito un nemico",
		"Orichalcum": "I petali del fiore ricadranno sul bersaglio infliggendo più danni",
		"Titanium": "Diventi immune dopo aver colpito un nemico",
		"Chlorophyte": "Evoca una potente cristallo a foglia da sparare ai nemici vicini",
		"Wizard": "Aumenta la possibilità di colpo critico magico del 10%",
		"Turtle": "Tutti i danni si riversano anche sugli aggressori",
		"Meteor": "La pistola spaziale costa 0 mana",
		"SpectreHealing": "Il danno magico inflitto ai nemici cura il giocatore con meno salute",
		"Shroomite": "Se non ti muovi diventi furtivo,\nla tua abilità a distanza migliora e si riduce la probabilità che i nemici ti prendano di mira",
		"Platinum": "4 difesa",
		"Pumpkin": "Danno aumentato del 10%",
		"Spooky": "Aumenta il danno dei seguaci del 25%",
		"SpectreDamage": "Il danno magico danneggerà altri nemici nei dintorni",
		"MagicHat": "Aumenta il mana massimo di 60",
		"BeetleDefense": "Gli scarabei ti proteggono dai danni",
		"BeetleDamage": "Gli scarabei aumentano i danni in mischia e la velocità",
		"Bee": "Aumenta il danno dei seguaci del 10%",
		"Bone": "20% di probabilità di non consumare munizioni",
		"Spider": "Aumenta il danno dei seguaci del 12%",
		"Ninja": "33% di probabilità di non consumare gli oggetti lanciati",
		"Fossil": "50% di probabilità di non consumare gli oggetti lanciati",
		"Solar": "Gli scudi solari si generano nel tempo proteggendoti,\nil potere dello scudo si consuma per scattare, infliggendo danni ai nemici",
		"Vortex": "Tocca due volte GIÙ per alternare la furtività, aumentando la tua abilità\na distanza, riducendo la probabilità che i nemici ti prendano di mira, ma rallentando\nla velocità di movimento",
		"Nebula": "Se ferisci i nemici potresti trovare bonus,\nprendi i potenziamenti accumulando bonus",
		"Stardust": "Tocca due volte GIÙ per portare il tuo guardiano in un certo luogo",
		"Forbidden": "Tocca due volte GIÙ per evocare una tempesta antica nella posizione del cursore",
		"Jungle": "Consumo mana ridotto del 16%",
		"Molten": "17% danni da mischia in più",
		"Mining": "Velocità di estrazione aumentata del 30%",
		"CobaltCaster": "Consumo mana ridotto del 14%",
		"CobaltMelee": "Velocità nel corpo a corpo aumentata del 15%",
		"ApprenticeTier2": "Aumenta il numero massimo di sentinelle\nIl campo visivo e la portata di Esplosione aumentano notevolmente",
		"ApprenticeTier3": "Aumenta il numero massimo di sentinelle\nMigliora notevolmente l'efficacia dell'Esplosione",
		"HuntressTier2": "Aumenta il numero massimo di sentinelle\nLe Trappole esplosive si ricaricano più velocemente e ricoprono d'olio i nemici\nI nemici ricoperti d'olio prendono fuoco e ricevono più danni",
		"HuntressTier3": "Aumenta il numero massimo di sentinelle\nMigliora notevolmente l'efficacia delle Trappole esplosive",
		"MonkTier2": "Aumenta il numero massimo di sentinelle\nL'Aura fulminante può infliggere un danno critico e colpire più velocemente",
		"MonkTier3": "Aumenta il numero massimo di sentinelle\nMigliora notevolmente l'efficacia dell'Aura fulminante",
		"SquireTier2": "Aumenta il numero massimo di sentinelle\nLa Balestra trafigge più bersagli e scatena il panico quando subisci danni",
		"SquireTier3": "Aumenta il numero massimo di sentinelle\nMigliora notevolmente l'efficacia della Balestra"
	},
	"BuffDescription": {
		"AmmoBox": "20% di probabilità di non consumare munizioni",
		"AmmoReservation": "20% di probabilità di non consumare munizioni",
		"Archery": "Danno e velocità freccia aumentati del 20%",
		"BabyDinosaur": "Un piccolo dinosauro ti sta seguendo",
		"BabyEater": "Un piccolo mangiatore di anime ti sta seguendo",
		"BabyFaceMonster": "Un mostro bambino ti sta seguendo",
		"BabyGrinch": "Un piccolo grinch ti sta seguendo",
		"BabyHornet": "Crede che tu sia la sua mamma",
		"BabyPenguin": "Vuole un po' di pesce",
		"BabySkeletronHead": "Lasciamo perdere...",
		"BabySlime": "Lo slime piccolo combatterà per te",
		"BabySnowman": "Un pupazzo di neve piccolo ti sta seguendo",
		"BabyTruffle": "Non è carinissimo?",
		"BallistaPanic": "Le tue balestre subito scatenano il panico!",
		"BasiliskMount": "Scontrati con tutto... e con TUTTI!",
		"Battle": "Ritmo generazione nemici aumentato",
		"BeeMount": "BzzzBzzBZZZZBzzz",
		"BeetleEndurance1": "Danni subiti ridotti del 15%",
		"BeetleEndurance2": "Danni subiti ridotti del 30%",
		"BeetleEndurance3": "Danni subiti ridotti del 45%",
		"BeetleMight1": "Danno da mischia e velocità aumentano del 10%",
		"BeetleMight2": "Danno da mischia e velocità aumentano del 20%",
		"BeetleMight3": "Danno da mischia e velocità aumentano del 30%",
		"BetsysCurse": "Difesa ridotta",
		"Bewitched": "Numero massimo di seguaci aumentato",
		"BlackCat": "Un gattino nero ti sta seguendo",
		"Blackout": "Visuale notevolmente ridotta",
		"Bleeding": "Impossibile rigenerare vita",
		"BoneJavelin": "Dissanguato",
		"BrokenArmor": "La difesa è dimezzata",
		"Builder": "Aumentata la velocità e la portata di posizionamento",
		"BunnyMount": "Hai una gran voglia di carote",
		"Burning": "Perdi vita e ti muovi più lentamente",
		"Calm": "Ridotta l'aggressività del nemico",
		"Campfire": "Rigenerazione vita leggermente aumentata",
		"ChaosState": "Il bastone della discordia sottrae vita",
		"Chilled": "La tua velocità di movimento si è ridotta",
		"Clairvoyance": "Poteri magici aumentati",
		"CompanionCube": "Non minaccerà mai di accoltellarti e non parla nemmeno",
		"Confused": "Movimento invertito",
		"Crate": "Maggiori probabilità di pescare una cassa",
		"CrimsonHeart": "Cuore magico che emette luce",
		"Cursed": "Impossibile utilizzare oggetti",
		"CursedInferno": "Perdi vita",
		"CursedSapling": "Un arboscello maledetto ti sta seguendo",
		"CuteFishronMount": "Non farlo strisciare.",
		"Dangersense": "I pericoli vicini diventano visibili",
		"Darkness": "Visione della luce diminuita",
		"Daybreak": "Incenerito dai raggi solari",
		"Dazed": "Il movimento è molto rallentato",
		"DeadlySphere": "La sfera letale combatterà per te",
		"DrillMount": "Cavalcando una perforatrice volante",
		"DryadsWard": "Il potere della natura ti protegge",
		"DryadsWardDebuff": "Il potere della natura ti costringe",
		"Electrified": "Non ti puoi muovere",
		"Endurance": "Danno ridotto del 10%",
		"EyeballSpring": "Un occhio a molla ti sta seguendo",
		"FairyBlue": "Una fata ti sta seguendo",
		"FairyGreen": "Una fata ti sta seguendo",
		"FairyRed": "Una fata ti sta seguendo",
		"Featherfall": "Premi SU o GIÙ per controllare la velocità di discesa",
		"Fishing": "Livello di pesca aumentato",
		"Flipper": "Ti muovi normalmente nell'acqua",
		"Frostburn": "Troppo caldo o troppo freddo; comunque sia, fa un gran male",
		"Frozen": "Non puoi muoverti!",
		"Gills": "Respiri acqua invece di aria",
		"Gravitation": "Tocca SU per invertire la gravità",
		"HeartLamp": "Rigenerazione vita aumentata",
		"Heartreach": "Aumentata la portata di raccolta dei cuori",
		"Honey": "Rigenerazione vita aumentata",
		"HornetMinion": "Il calabrone combatterà per te",
		"Horrified": "Hai visto qualcosa di orribile, non c'è via di scampo.",
		"Hunter": "Mostra la posizione dei nemici",
		"IceBarrier": "Danni subiti ridotti del 25%",
		"Ichor": "Difesa ridotta",
		"ImpMinion": "Il diavoletto combatterà per te",
		"Inferno": "I nemici vicini vengono incendiati",
		"Invisibility": "Rende invisibili",
		"Ironskin": "Aumenta la difesa di 8",
		"LeafCrystal": "Spara foglie di cristallo ai nemici vicini",
		"Lifeforce": "Vita massima aumentata del 20%",
		"Lovestruck": "Sei innamorato!",
		"MagicLantern": "Una lanterna magica ti illumina il percorso",
		"MagicPower": "Danno magico aumentato del 20%",
		"ManaRegeneration": "Rigenerazione mana aumentata",
		"ManaSickness": "Danno magico ridotto di",
		"Merfolk": "Può respirare e muoversi facilmente sott'acqua",
		"Midas": "Rilascia più monete morendo",
		"MinecartLeft": "Sei a bordo di un carrello",
		"MinecartLeftMech": "Sei a bordo di un carrello",
		"MinecartLeftWood": "Sei a bordo di un carrello",
		"MinecartRight": "Sei a bordo di un carrello",
		"MinecartRightMech": "Sei a bordo di un carrello",
		"MinecartRightWood": "Sei a bordo di un carrello",
		"MiniMinotaur": "Come si sconfigge un mini minotauro?",
		"Mining": "Velocità di estrazione aumentata del 25%",
		"MonsterBanner": "Aumentati danno e difesa da:",
		"MoonLeech": "Non sei in grado di assorbire gli effetti di guarigione",
		"NebulaUpDmg1": "Danno aumentato del 15%",
		"NebulaUpDmg2": "Danno aumentato del 30%",
		"NebulaUpDmg3": "Danno aumentato del 45%",
		"NebulaUpLife1": "Rigenerazione vita aumentata",
		"NebulaUpLife2": "Rigenerazione vita aumentata",
		"NebulaUpLife3": "Rigenerazione vita aumentata",
		"NebulaUpMana1": "Rigenerazione mana aumentata",
		"NebulaUpMana2": "Rigenerazione mana aumentata",
		"NebulaUpMana3": "Rigenerazione mana aumentata",
		"NightOwl": "Visione notturna aumentata",
		"NoBuilding": "Hai perso il potere della creazione!",
		"ObsidianSkin": "Immune dalla lava",
		"Obstructed": "Non vedi niente!",
		"OgreSpit": "Movimento notevolmente ridotto",
		"Oiled": "Si subiscono più danni quando si va a fuoco",
		"OnFire": "Perdi lentamente vita",
		"PaladinsShield": "25% del danno subito si riverserà su un altro giocatore",
		"Panic": "Velocità di movimento aumentata",
		"ParryDamageBuff": "Danni per il prossimo attacco in mischia aumentati del 500%",
		"PeaceCandle": "Ritmo generazione mostri ridotto",
		"PetBunny": "Credo che voglia la tua carota",
		"PetDD2Dragon": "Un hoardagron ti sta seguendo",
		"PetDD2Gato": "Un eligato ti sta seguendo",
		"PetDD2Ghost": "Un flickerwick ti sta seguendo",
		"PetLizard": "Spaventoso come un rettile",
		"PetParrot": "Vuole il suo biscottino",
		"PetSapling": "Un arboscello ti sta seguendo",
		"PetSpider": "Un ragno ti sta seguendo",
		"PetTurtle": "Buona tartaruga a tutti!",
		"PigronMount": "Adesso mi vedi...",
		"PirateMinion": "Il pirata combatterà per te",
		"Poisoned": "Perdi lentamente vita",
		"PotionSickness": "Non si possono più consumare oggetti curativi",
		"Puppy": "Un cucciolo ti sta seguendo",
		"Pygmies": "I pigmei combatteranno per te",
		"Rabies": "Aumentato il danno, ridotta la rigenerazione vita, influisce sulle condizioni",
		"Rage": "Probabilità critica aumentata del 10%",
		"RapidHealing": "Rigenerazione vita notevolmente aumentata",
		"Ravens": "I corvi attaccheranno i tuoi nemici",
		"Regeneration": "Rigenera la vita",
		"Rudolph": "Cavalca la renna dal naso rosso",
		"ScutlixMount": "Bang bang",
		"ShadowDodge": "Schiverai l'attacco successivo",
		"ShadowFlame": "Perdi vita",
		"ShadowOrb": "Sfera magica che fornisce luce",
		"SharknadoMinion": "Il tornado di squali combatterà per te",
		"Sharpened": "Le armi da mischia hanno maggiore penetrazione",
		"Shine": "Emette luce",
		"Silenced": "Impossibile usare elementi che richiedono mana",
		"Slimed": "Sei viscido e appiccicoso",
		"SlimeMount": "BOOOIIINNNG!",
		"Slow": "Velocità movimento ridotta",
		"SolarShield1": "Danno subito ridotto del 30%, respingi i nemici quando subisci danni",
		"SolarShield2": "Danno subito ridotto del 30%, respingi i nemici quando subisci danni",
		"SolarShield3": "Danno subito ridotto del 30%, respingi i nemici quando subisci danni",
		"Sonar": "Vedi quale pesce ha abboccato",
		"SoulDrain": "Rigenerazione vita aumentata",
		"Spelunker": "Mostra l'ubicazione di tesori e minerali",
		"SpiderMinion": "Il ragno combatterà per te",
		"Squashling": "Una piccola zucca ti sta seguendo",
		"StardustDragonMinion": "Il drago di polvere di stella ti proteggerà",
		"StardustGuardianMinion": "Il guardiano di polvere di stella ti proteggerà",
		"StardustMinion": "La cellula di polvere di stella combatterà per te",
		"StardustMinionBleed": "being eaten by cells",
		"StarInBottle": "Rigenerazione mana aumentata",
		"Stinky": "Che tanfo!",
		"Stoned": "Sei completamente paralizzato!",
		"Suffocation": "Perdi vita",
		"Summoning": "Numero massimo di seguaci aumentato",
		"Sunflower": "Aumentata la velocità di movimento e ridotta la generazione di mostri",
		"SuspiciousTentacle": "Un occhio dallo sguardo sospetto che emette luce",
		"Swiftness": "Velocità di movimento aumentata del 25%",
		"TheTongue": "Sei stato succhiato nella bocca",
		"Thorns": "Anche gli aggressori subiscono danni",
		"TikiSpirit": "Uno spirito buono ti sta seguendo",
		"Tipsy": "Abilità corpo a corpo aumentate, difesa abbassata",
		"Titan": "Aumentato lo spintone",
		"TurtleMount": "Lenta sulla terra, velocissima in mare",
		"TwinEyesMinion": "I gemelli combatteranno per te",
		"UFOMinion": "L'UFO combatterà per te",
		"UFOMount": "Fortuna che avevi un MAC",
		"UnicornMount": "Parti alla carica... in modo favoloso!",
		"Venom": "Perdi vita",
		"VortexDebuff": "La forza di gravità intorno a te è distorta",
		"Warmth": "Danno dalle fonti di freddo ridotto",
		"WaterCandle": "Ritmo generazione mostri aumentato",
		"WaterWalking": "Premi GIÙ per entrare in acqua",
		"Weak": "Abilità fisiche ridotte",
		"WeaponImbueConfetti": "Gli attacchi in mischia fanno apparire i coriandoli",
		"WeaponImbueCursedFlames": "Gli attacchi in mischia infliggono fiamme maledette ai nemici",
		"WeaponImbueFire": "Gli attacchi in mischia incendiano i nemici",
		"WeaponImbueGold": "Gli attacchi in mischia fanno rilasciare più oro ai nemici",
		"WeaponImbueIchor": "Gli attacchi in mischia riducono la difesa dei nemici",
		"WeaponImbueNanites": "Gli attacchi in mischia confondono i nemici",
		"WeaponImbuePoison": "Gli attacchi in mischia avvelenano i nemici",
		"WeaponImbueVenom": "Gli attacchi in mischia applicano veleno sui tuoi bersagli",
		"Webbed": "Sei bloccato",
		"WellFed": "Piccole migliorie a tutti i parametri",
		"Werewolf": "Abilità fisiche aumentate",
		"Wet": "Stai gocciolando",
		"WindPushed": "Il vento ti sposta!",
		"Wisp": "Un teschietto ti sta seguendo",
		"WitheredArmor": "La tua difesa si è ridotta!",
		"WitheredWeapon": "I tuoi attacchi sono più deboli!",
		"Wrath": "Danno aumentato del 10%",
		"ZephyrFish": "Si diverte a nuotare intorno a te"
	},
	"BuffName": {
		"AmmoBox": "Cassa di munizioni",
		"AmmoReservation": "Conserva munizioni",
		"Archery": "Arco",
		"BabyDinosaur": "Dinosauro piccolo",
		"BabyEater": "Mangiatore piccolo",
		"BabyFaceMonster": "Mostro bambino",
		"BabyGrinch": "Piccolo grinch",
		"BabyHornet": "Calabrone piccolo",
		"BabyPenguin": "Pinguino piccolo",
		"BabySkeletronHead": "Testa di Skeletron piccolo",
		"BabySlime": "Slime piccolo",
		"BabySnowman": "Pupazzo di neve piccolo",
		"BabyTruffle": "Tartufo piccolo",
		"BallistaPanic": "Panico balestra!",
		"BasiliskMount": "Basilisco cavalcabile",
		"Battle": "Battaglia",
		"BeeMount": "Ape cavalcabile",
		"BeetleEndurance1": "Resistenza scarabeo",
		"BeetleEndurance2": "Resistenza scarabeo",
		"BeetleEndurance3": "Resistenza scarabeo",
		"BeetleMight1": "Potenza scarabeo",
		"BeetleMight2": "Potenza scarabeo",
		"BeetleMight3": "Potenza scarabeo",
		"BetsysCurse": "Maledizione di Betsy",
		"Bewitched": "Stregato",
		"BlackCat": "Gatto nero",
		"Blackout": "Blackout",
		"Bleeding": "Sanguinamento",
		"BoneJavelin": "Perforato",
		"BrokenArmor": "Armatura rotta",
		"Builder": "Costruttore",
		"BunnyMount": "Coniglio cavalcabile",
		"Burning": "Bruciatura",
		"Calm": "Calma",
		"Campfire": "Fuoco accogliente",
		"ChaosState": "Caos",
		"Chilled": "Raffreddato",
		"Clairvoyance": "Chiaroveggenza",
		"CompanionCube": "Cubo compagno",
		"Confused": "Confuso",
		"Crate": "Cassa",
		"CrimsonHeart": "Cuore cremisi",
		"Cursed": "Maledetto",
		"CursedInferno": "Inferno maledetto",
		"CursedSapling": "Arboscello maledetto",
		"CuteFishronMount": "Pesce drago carino cavalcabile",
		"Dangersense": "Senso del pericolo",
		"Darkness": "Oscurità",
		"Daybreak": "Albeggiato",
		"Dazed": "Stordito",
		"DeadlySphere": "Sfera letale",
		"DrillMount": "Perforatrice cavalcabile",
		"DryadsWard": "Benedizione della driade",
		"DryadsWardDebuff": "Flagello della driade",
		"Electrified": "Elettrificato",
		"Endurance": "Resistenza",
		"EyeballSpring": "Occhio a molla",
		"FairyBlue": "Fata",
		"FairyGreen": "Fata",
		"FairyRed": "Fata",
		"Featherfall": "Cascata di piume",
		"Fishing": "Pesca",
		"Flipper": "Pinna",
		"Frostburn": "Scottatura raggelante",
		"Frozen": "Congelato",
		"Gills": "Branchie",
		"Gravitation": "Gravità",
		"HeartLamp": "Lampada a cuore",
		"Heartreach": "Afferracuori",
		"Honey": "Miele",
		"HornetMinion": "Calabrone",
		"Horrified": "Inorridito",
		"Hunter": "Cacciatore",
		"IceBarrier": "Barriera di ghiaccio",
		"Ichor": "Icore",
		"ImpMinion": "Diavoletto",
		"Inferno": "Inferno",
		"Invisibility": "Invisibilità",
		"Ironskin": "Pelle di ferro",
		"LeafCrystal": "Cristallo a foglia",
		"Lifeforce": "Forza vitale",
		"Lovestruck": "Innamorato",
		"MagicLantern": "Lanterna magica",
		"MagicPower": "Potere magico",
		"ManaRegeneration": "Rigenerazione mana",
		"ManaSickness": "Mal di mana",
		"Merfolk": "Tritone",
		"Midas": "Mida",
		"MinecartLeft": "Carrello",
		"MinecartLeftMech": "Carrello",
		"MinecartLeftWood": "Carrello",
		"MinecartRight": "Carrello",
		"MinecartRightMech": "Carrello",
		"MinecartRightWood": "Carrello",
		"MiniMinotaur": "Mini minotauro",
		"Mining": "Minatore",
		"MonsterBanner": "Stendardo",
		"MoonLeech": "Morso della luna",
		"NebulaUpDmg1": "Nebulosa di danni",
		"NebulaUpDmg2": "Nebulosa di danni",
		"NebulaUpDmg3": "Nebulosa di danni",
		"NebulaUpLife1": "Nebulosa di vita",
		"NebulaUpLife2": "Nebulosa di vita",
		"NebulaUpLife3": "Nebulosa di vita",
		"NebulaUpMana1": "Nebulosa di mana",
		"NebulaUpMana2": "Nebulosa di mana",
		"NebulaUpMana3": "Nebulosa di mana",
		"NightOwl": "Civetta notturna",
		"NoBuilding": "Scossa creativa",
		"ObsidianSkin": "Pelle ossidiana",
		"Obstructed": "Ostruito",
		"OgreSpit": "Ricoperto di melma",
		"Oiled": "Ricoperto d'olio",
		"OnFire": "A fuoco!",
		"PaladinsShield": "Scudo del paladino",
		"Panic": "Panico!",
		"ParryDamageBuff": "Momento straordinario",
		"PeaceCandle": "Candela pacifica",
		"PetBunny": "Coniglio",
		"PetDD2Dragon": "Hoardagron",
		"PetDD2Gato": "Eligato",
		"PetDD2Ghost": "Flickerwick",
		"PetLizard": "Lucertola",
		"PetParrot": "Pappagallo",
		"PetSapling": "Arboscello",
		"PetSpider": "Ragno",
		"PetTurtle": "Tartaruga",
		"PigronMount": "Maialdrago cavalcabile",
		"PirateMinion": "Pirata",
		"Poisoned": "Avvelenato",
		"PotionSickness": "Mal di pozione",
		"Puppy": "Cucciolo",
		"Pygmies": "Pigmei",
		"Rabies": "Morso bestiale",
		"Rage": "Rabbia",
		"RapidHealing": "Cura rapida",
		"Ravens": "Corvi",
		"Regeneration": "Rigenerazione",
		"Rudolph": "Rudolph",
		"ScutlixMount": "Scutlix cavalcabile",
		"ShadowDodge": "Schivata nell'ombra",
		"ShadowFlame": "Fiamma d'ombra",
		"ShadowOrb": "Sfera d'ombra",
		"SharknadoMinion": "Tornado di squali",
		"Sharpened": "Affilato",
		"Shine": "Brillantezza",
		"Silenced": "Messo a tacere",
		"Slimed": "Slime",
		"SlimeMount": "Slime cavalcabile",
		"Slow": "Lento",
		"SolarShield1": "Esplosione solare",
		"SolarShield2": "Esplosione solare",
		"SolarShield3": "Esplosione solare",
		"Sonar": "Sonar",
		"SoulDrain": "Sottrazione vita",
		"Spelunker": "Speleologo",
		"SpiderMinion": "Ragno",
		"Squashling": "Piccola zucca",
		"StardustDragonMinion": "Drago di polvere di stella",
		"StardustGuardianMinion": "Guardiano di polvere di stella",
		"StardustMinion": "Cellula di polvere di stella",
		"StardustMinionBleed": "Celled",
		"StarInBottle": "Stella in bottiglia",
		"Stinky": "Puzzolente",
		"Stoned": "Ubriaco",
		"Suffocation": "Soffocamento",
		"Summoning": "Evocazione",
		"Sunflower": "Felice!",
		"SuspiciousTentacle": "Occhio dallo sguardo sospetto",
		"Swiftness": "Velocità",
		"TheTongue": "La Lingua",
		"Thorns": "Spine",
		"TikiSpirit": "Spirito tiki",
		"Tipsy": "Brillo",
		"Titan": "Titano",
		"TurtleMount": "Tartaruga cavalcabile",
		"TwinEyesMinion": "Gemelli",
		"UFOMinion": "UFO",
		"UFOMount": "UFO cavalcabile",
		"UnicornMount": "Unicorno cavalcabile",
		"Venom": "Tossina",
		"VortexDebuff": "Distorto",
		"Warmth": "Calore",
		"WaterCandle": "Candela d'acqua",
		"WaterWalking": "Camminata nell'acqua",
		"Weak": "Debole",
		"WeaponImbueConfetti": "Infusione arma: Coriandoli",
		"WeaponImbueCursedFlames": "Infusione arma: Fiamme maledette",
		"WeaponImbueFire": "Infusione arma: Fuoco",
		"WeaponImbueGold": "Infusione arma: Oro",
		"WeaponImbueIchor": "Infusione arma: Icore",
		"WeaponImbueNanites": "Infusione arma: Naniti",
		"WeaponImbuePoison": "Infusione arma: Veleno",
		"WeaponImbueVenom": "Infusione arma: Tossina",
		"Webbed": "Intrappolato in una ragnatela",
		"WellFed": "Ben nutrito",
		"Werewolf": "Lupo mannaro",
		"Wet": "Bagnato",
		"WindPushed": "Vento potente",
		"Wisp": "Teschietto",
		"WitheredArmor": "Armatura indebolita",
		"WitheredWeapon": "Arma indebolita",
		"Wrath": "Ira",
		"ZephyrFish": "Pesce zefiro"
	},
	"MapObject": {
		"Adamantite": "Adamantio",
		"AnimalSkin": "Pelle di animale",
		"Anvil": "Incudine",
		"Banner": "Stendardo",
		"BeeHive": "Alveare",
		"Chair": "Sedia",
		"Chandelier": "Candelabro",
		"Chlorophyte": "Clorofite",
		"ChristmasLight": "Luce natalizia",
		"Cobalt": "Cobalto",
		"Copper": "Rame",
		"CrimsonAltar": "Altare cremisi",
		"Crimtane": "Crimtano",
		"DemonAltar": "Altare dei demoni",
		"Demonite": "Demonite",
		"Door": "Porta",
		"DrippingHoney": "Miele gocciolante",
		"DrippingLava": "Lava gocciolante",
		"DrippingWater": "Acqua gocciolante",
		"FloorLamp": "Lampada da pavimento",
		"Fossil": "Fossile",
		"GiantMushroom": "Fungo gigante",
		"Gold": "Oro",
		"Iron": "Ferro",
		"ItemRack": "Rastrelliera oggetti",
		"Lantern": "Lanterna",
		"Larva": "Larva",
		"Lead": "Piombo",
		"LivingWood": "Legno vivo",
		"MetalBar": "Barra di metallo",
		"Mythril": "Mitrilio",
		"OrangeSquirrelCage": "Gabbia dello scoiattolo arancione",
		"Orichalcum": "Oricalco",
		"Painting": "Dipinto",
		"Palladium": "Palladio",
		"PalmTree": "Albero di palma",
		"Picture": "Fotografia",
		"PineTree": "Abete",
		"PlanterasBulb": "Bulbo di Plantera",
		"Platinum": "Platino",
		"Pot": "Vaso",
		"Rocket": "Razzo",
		"SandFlow": "Flusso di sabbia",
		"Sapling": "Arboscello",
		"SiltExtractinator": "Estrattificatore insabbiato",
		"Silver": "Argento",
		"Sink": "Lavabo",
		"Statue": "Statua",
		"Table": "Tavolo",
		"Thorn": "Spina",
		"Thorns": "Spine",
		"Timer": "Cronometro",
		"Tin": "Latta",
		"Titanium": "Titanio",
		"Trap": "Trappola",
		"Tree": "Albero",
		"Trophy": "Trofeo",
		"Tungsten": "Tungsteno",
		"Turret": "Torretta",
		"Vase": "Vaso",
		"WaterFountain": "Fontana acqua",
		"Web": "Ragnatela"
	},
	"ChatCommand": {
		"Playing_0": "{$LegacyMultiplayer.6}",
		"Playing_1": "{$LegacyMultiplayer.21}",
		"Roll": "{$LegacyMultiplayer.8}",
		"Party": "/s",
		"Emote": "/io"
	}
}