﻿{
	"Mobile": {
		"MaxPlayers": "Max giocatori:",
		"Password": "Password:",
		"PasswordEmpty": "Nessuna",
		"Name": "Nome:",
		"NamePlayerEmpty": "Inserisci il tuo nome...",
		"NameWorldEmpty": "Inserisci il nome del mondo...",
		"Unfavorite": "Rimuovi",
		"UnfavoriteFrontEnd": "Rimuovi",
		"SearchingHosts": "Ricerca host locali...",
		"Online":"Online",
		"Local":"Locale",
		"Host":"Host",
		"SelectServer":"Seleziona server",
		"Connect":"Aggiungi",
		"ServerIP":"IP server:",
		"EnterServerIP":"Inserisci indirizzo IP del server...",
		"ServerPort":"Porta server:",
		"EnterServerPort":"Inserisci porta server...",
		"MagnifierEnabled":"Lente d'ingrandimento attivata",
		"MagnifierDisabled":"Lente d'ingrandimento disattivata",
		"FrameRateCap30":"FPS massimi: 30",
		"FrameRateCap60":"FPS massimi: 60",
		"ScreenEffectsEnabled":"Effetti schermo attivati",
		"ScreenEffectsDisabled":"Effetti schermo disattivati",
		"EditInterface":"Modifica interfaccia",
		"FrameRateDisplayed":"Frequenza fotogrammi visibile",
		"FrameRateHidden":"Frequenza fotogrammi nascosta",
		"SafeRegion":"Regione sicura",
		"Interface":"Interfaccia",
		"Discard":"Annulla",
		"Default":"Predefinita",
		"UIScale":"Scala UI:",
		"Side":"Laterale",
		"Top":"Sopra",
		"Bottom":"Sotto",
		"InterfaceSettingsDescription":"*Alcune impostazioni potrebbero essere disattivate in base alle dimensioni del tuo dispositivo.",
		"UsefulLinks":"Social",
		"Wiki":"Wiki Terraria",
		"Forum":"Forum Terraria",
		"Discord":"Discord Terraria",
		"ContactSupport":"Assistenza clienti 505",
		"Youtube":"Re-Logic YouTube",
		"Twitter":"Twitter Terraria",
		"PrivacyPolicy":"Informativa sulla privacy 505",
		"Facebook":"Facebook Terraria",
		"TooltipFade": "Dissolvenza info.: {0}s.",
		"ItemTooltipFade": "Dissolvenza info oggetti: {0}s.",
		"Loot": "Prendi",
		"Remove": "Rimuovi",
		"Unequip": "Rimuovi",
		"Show": "Mostra",
		"Hide": "Nascondi",
		"Deposit": "Deposita",
		"Quit": "Esci",
		"Enable": "Attiva",
		"Disable": "Disattiva",
		"Teleport":"Teletrasp.",
		"QuickStack": "Impila",
		"Materials": "Materiali",
		"Savings": "Risparmi",
		"Armour": "Armatura",
		"NoRecipes": "Nessuna ricetta disponibile",
		"QuickSlots": "Slot rapidi",
		"SelectItemReforge": "Seleziona un oggetto da riforgiare",
		"WriteMessagePrompt":"Scrivi il tuo messaggio qui...",
		"QuitPrompt": "Vuoi davvero uscire?",
		"ServerFull":"Server pieno",
		"SplitStackOpen": "Dividi",
		"SplitStackClose": "Annulla",
		"SplitStackAction": "Dividi",
		"Join": "Gioca",
		"AimAndUse": "Mira e usa",
		"AimOnly": "Solo mira",
		"SmartCursorOn": "Cursore automatico attivato",
		"SmartCursorOff": "Cursore automatico disattivato",
		"CombatTargetingOn": "Aggancio bersaglio attivato",
		"CombatTargetingOff": "Aggancio bersaglio disattivato",
		"CombatTargetingNoTargets": "Nessun bersaglio",
		"HousingQuery": "Valuta",
		"PvP": "Giocatori",
		"CraftGuideEmpty": "Seleziona un oggetto per visualizzare le ricette",
		"HairStylist": "Stilista",
		"Home": "Home",
		"Sound": "Suoni",
		"Gameplay": "Più informazioni",
		"Equip": "Equipag.",
		"Sell": "Vendi",
		"Craft": "Crea",
		"ApplyChanges": "Applica",
		"MultiplayerLocalTitle": "Host",
		"MultiplayerOnlineTitle": "Aggiungi Server",
		"LeftStickAimingOn": "Mira con levetta sinistra attivata",
		"LeftStickAimingOff": "Mira con levetta sinistra disattivata",
		"ResetCursorModes": "Reimposta mira e cursore automatico",
		"RemoveServerList": "Rimuovere {0} dall'elenco dei server?",
		"BugReport": "Segnalazione errori",
		"Ignore": "Ignora",
		"LowDiskSpaceWarning" : "Il tuo dispositivo ha poca memoria, libera spazio e riprova",
		"LowMemoryHost" : "Il tuo dispositivo non dispone di RAM sufficiente per ospitare una partita multigiocatore",
		"LowMemoryPlayLarge": "Il tuo dispositivo non dispone di RAM sufficiente per giocare in un mondo grande",
		"LowMemoryGenerateLarge": "Il tuo dispositivo non dispone di RAM sufficiente per giocare in un mondo grande",
		"Credits": "Riconoscimenti",
		"Reddit": "Terraria su Reddit",
		"TutorialToggleEnable": "Tocca un pulsante nei comandi virtuali per imparare la sua funzione",
		"TutorialToggleDisable": "",
		"TutorialInteract": "Il pulsante cambia in base a dove stai mirando, se il cursore si trova su\nun oggetto interagibile come una cassa/porta o PNG, il pulsante interagirà con loro.\nAltrimenti userà l'oggetto selezionato nella barra oggetti.",
		"TutorialAutoSelect": "Tocca e tieni premuto per attivare la selezione automatica.\nA seconda posizione del cursore, l'oggetto selezionato cambia.\nMira con l'asse di fuoco e usa Fuoco per utilizzare l'oggetto selezionato.",
		"TutorialAutoFire": "Tocca per alternare tra Solo mira e Mira e usa per cambiare la levetta destra.\nCon Solo mira attivato dovrai utilizzare Interazione automatica/Fuoco per usare\nl'oggetto dopo aver puntato con il cursore. Con Mira e usa, la levetta destra\nattiverà anche l'oggetto. Puoi toccare lo schermo per utilizzare Mira e usa.",
		"TutorialQuickHeal": "Tocca per curarti, il pulsante mostra quale pozione sarà utilizzata.\nIl pulsante non è attivo quando è in ricarica/no non ci sono oggetti disponibili nell'inventario.",
		"TutorialQuickMana": "Tocca per ripristinare il mana, il pulsante mostra quale pozione sarà utilizzata.\nIl pulsante non è attivo quando è in ricarica\no non ci sono oggetti disponibili nell'inventario.",
		"TutorialQuickBuff": "Tocca per utilizzare tutte le pozioni/cibo consumabili in un'unica volta.\nIl pulsante non è attivo quando è in ricarica/no non ci sono oggetti disponibili nell'inventario.",
		"TutorialInventoryToggle": "Tocca per aprire o chiudere il menu, da qui puoi scorrere le pagine:\nsulla sinistra Giocatori (solo multigiocatore), Alloggi e Inventario;\nsulla destra, Cassa, Equipaggiamento e Creazione oggetti. Qui sono presenti anche i negozi dei PNG e il salvadanaio.\nPuoi attivare/disattivare le singole pagine toccandole, ma chiudendo tutte le pagine si chiude il menu.",
		"TutorialMovementAxis": "Tocca e tieni premuto per spostarti a destra o a sinistra.\nTocca giù per scendere dalle sporgenze, tocca su per salire con le funi.\nTocca due volte su per saltare, tocca due volte e tieni premuto su per volare.\nTocca due volte a sinistra/destra per scattare.\nTocca due volte giù per attivare certi bonus quando sono disponibili.",
		"TutorialFire": "Tocca per attivare l'oggetto selezionato nella barra oggetti.\nTieni premuto per continuare a sparare se l'oggetto selezionato\npuó attaccare automaticamente.",
		"TutorialTargetLockOn": "Quando la mira in combattimento è su un nemico tocca\nper agganciarlo e poi tocca di nuovo per sganciarlo.\nControlla le impostazioni per le varie modalità.",
		"TutorialSmartCursor": "Tocca per attivare/disattivare il cursore automatico.\nQuando è attivo, il gioco cercherà di trovare obiettivi adeguati\nper azioni vicino al cursore. Quando è attivo, la levetta sinistra\npuò essere usata per mirare; si può disattivare nelle Impostazioni.",
		"TutorialJump": "Tocca per saltare, tocca più a lungo per saltare più in alto.\nSe hai le ali, tocca e tieni premuto per volare/planare.",
		"TutorialQuickMount": "Tocca per cavalcare/scendere.\nPuoi anche usarlo per scendere dai carrelli.",
		"TutorialZoomIn": "Tocca per ingrandire la visuale.\nPuoi anche pizzicare il mondo per ingrandire.",
		"TutorialZoomOut": "Tocca per rimpicciolire la visuale.\nPuoi anche pizzicare il mondo per rimpicciolire.",
		"TutorialFireAxis": "Tocca e tieni premuto il cursore.\nSe il cursore automatico è attivo, la posizione del cursore si reimposta.\nSe Mira e usa è attivo, potrai attivare l'oggetto selezionato nella barra oggetti.",
		"TutorialGrappleAxis": "Tocca, tieni premuto e scorri in una direzione per usare il rampino.\nAlternativamente, tocca il bordo dell'asse per usare il rampino rapidamente\nin quella direzione.",
		"LockTutorialsOn": "Tutorial disattivati",
		"LockTutorialsOff": "Tutorial attivati",
		"ResetSettings": "Predefinita",
		"ResetSettingsPrompt": "Vuoi tornare alle impostazioni predefinite?",
		"Reset": "Reimposta",
		"TutorialInteractTitle": "Interazione automatica",
		"TutorialAutoSelectTitle": "Selezione automatica",
		"TutorialAutoFireTitle": "Alterna modalità di mira",
		"TutorialQuickHealTitle": "Cura rapida",
		"TutorialQuickManaTitle": "Mana rapido",
		"TutorialQuickBuffTitle": "Consumabili rapidi",
		"TutorialInventoryToggleTitle": "Apri menu",
		"TutorialMovementAxisTitle": "Asse di movimento",
		"TutorialFireTitle": "Attiva",
		"TutorialTargetLockOnTitle": "Mira in combattimento",
		"TutorialSmartCursorTitle": "Alterna cursore automatico",
		"TutorialJumpTitle": "Salta",
		"TutorialQuickMountTitle": "Cavalcatura rapida",
		"TutorialZoomInTitle": "Zoom (Ingrandisci)",
		"TutorialZoomOutTitle": "Zoom (Rimpicciolisci)",
		"TutorialFireAxisTitle": "Asse di fuoco",
		"TutorialGrappleAxisTitle": "Rampino rapido",
		"PurchaseError": "Impossibile contattare il negozio.\nPer favore accedi al tuo account\ne avvia la connessione internet",
		"PurchaseNotFound": "\n\nPer continuare a giocare, devi aver sbloccato la versione completa del gioco.\n\nSe lo hai gia fatto, per favore controlla di aver eseguito l'accesso a Google Play\ncon l'account che ha effettuato l'acquisto e assicurati di essere connesso\na internet.\n\nSe invece non hai ancora comprato la versione completa, tocca il pulsante\n\"Negozio\" per acquistarla ora.",
		"PurchaseInitialising": "Sto contattando il negozio per verificare l'accesso alla versione completa...",
		"PurchaseRetry": "Riprova",
		"PurchaseStore": "Negozio",
		"LicenseError": "Impossibile contattare il negozio.\nPer favore accedi al tuo account\ne avvia la connessione internet",
		"LicenseNotFound": "\n\nPer continuare a giocare, devi aver sbloccato la versione completa del gioco.\n\nSe lo hai gia fatto, per favore controlla di aver eseguito l'accesso a Google Play\ncon l'account che ha effettuato l'acquisto e assicurati di essere connesso\na internet.\n\nSe invece non hai ancora comprato la versione completa, tocca il pulsante\n\"Negozio\" per acquistarla ora.",
		"LicenseInitialising": "Sto contattando il negozio per verificare l'accesso alla versione completa...",
		"LeftJumpDoubleTap": "Salto con levetta sinistra: Doppio Tocco",
		"LeftJumpSingleTap": "Salto con levetta sinistra: Un Tocco",
		"LeftJumpUp": "Salto con levetta sinistra: Su (Legacy)",
		"LeftJumpDisabled": "Salto con levetta sinistra: Disabilitato"
	},
	
	"UI":	{
		"WorldSizeTiny": "Minuscolo"
	}
}
