{
	"NPCName": {
		"BlueSlime": "Slime blu",
		"GiantWormHead": "Verme gigante",
		"SeekerTail": "Alimentatore del mondo",
		"Clinger": "Appiccicoso",
		"AnglerFish": "Rana pescatrice",
		"GreenJellyfish": "Medusa verde",
		"Werewolf": "Lupo mannaro",
		"BoundGoblin": "Goblin legato",
		"BoundWizard": "Stregone legato",
		"GoblinTinkerer": "Goblin inventore",
		"Wizard": "Stregone",
		"Clown": "Clown",
		"GiantWormBody": "Verme gigante",
		"SkeletonArcher": "Scheletro arciere",
		"GoblinArcher": "Goblin arciere",
		"VileSpit": "Bava disgustosa",
		"WallofFlesh": "Muro di carne",
		"WallofFleshEye": "Muro di carne",
		"TheHungry": "L'Affamato",
		"TheHungryII": "L'Affamato",
		"LeechHead": "Sanguisuga",
		"LeechBody": "Sanguisuga",
		"LeechTail": "Sanguisuga",
		"GiantWormTail": "Verme gigante",
		"ChaosElemental": "Elementale del caos",
		"Slimer": "Slimer",
		"Gastropod": "Gasteropodo",
		"BoundMechanic": "Meccanico legato",
		"Mechanic": "Meccanico",
		"Retinazer": "Retinazer",
		"Spazmatism": "Spazmatism",
		"SkeletronPrime": "Skeletron primario",
		"PrimeCannon": "Cannone primario",
		"PrimeSaw": "Sega primaria",
		"EaterofWorldsHead": "Mangiatore di mondi",
		"PrimeVice": "Morsa primaria",
		"PrimeLaser": "Laser primario",
		"BaldZombie": "Zombie",
		"WanderingEye": "Occhio errante",
		"TheDestroyer": "Il Distruttore",
		"TheDestroyerBody": "Il Distruttore",
		"TheDestroyerTail": "Il Distruttore",
		"IlluminantBat": "Pipistrello illuminante",
		"IlluminantSlime": "Slime illuminante",
		"Probe": "Sonda",
		"EaterofWorldsBody": "Mangiatore di mondi",
		"PossessedArmor": "Armatura posseduta",
		"ToxicSludge": "Fango tossico",
		"SantaClaus": "Babbo Natale",
		"SnowmanGangsta": "Pupazzo di neve Gangsta",
		"MisterStabby": "Signor Stabby",
		"SnowBalla": "Pupazzo di neve",
		"IceSlime": "Slime di ghiaccio",
		"Penguin": "Pinguino",
		"PenguinBlack": "Pinguino",
		"EaterofWorldsTail": "Mangiatore di mondi",
		"IceBat": "Pipistrello del ghiaccio",
		"Lavabat": "Pipistrello della lava",
		"GiantFlyingFox": "Megapipistrello",
		"GiantTortoise": "Testuggine gigante",
		"IceTortoise": "Testuggine del ghiaccio",
		"Wolf": "Lupo",
		"RedDevil": "Diavolo rosso",
		"Arapaima": "Arapaima",
		"VampireBat": "Vampiro",
		"Vampire": "Vampiro",
		"MotherSlime": "Slime madre",
		"Truffle": "Tartufo",
		"ZombieEskimo": "Eschimese zombie",
		"Frankenstein": "Frankenstein",
		"BlackRecluse": "Vedova eremita",
		"WallCreeper": "Ragno arrampicatore",
		"WallCreeperWall": "Ragno arrampicatore",
		"SwampThing": "Swamp Thing",
		"UndeadViking": "Vichingo non-morto",
		"CorruptPenguin": "Pinguino corrotto",
		"IceElemental": "Elementale del ghiaccio",
		"Merchant": "Mercante",
		"PigronCorruption": "Maialdrago",
		"PigronHallow": "Maialdrago",
		"RuneWizard": "Stregone delle rune",
		"Crimera": "Cremera",
		"Herpling": "Herpling",
		"AngryTrapper": "Intrappolatore arrabbiato",
		"MossHornet": "Calabrone del muschio",
		"Derpling": "Derpling",
		"Steampunker": "Steampunker",
		"CrimsonAxe": "Ascia cremisi",
		"Nurse": "Infermiera",
		"PigronCrimson": "Maialdrago",
		"FaceMonster": "Faccia mostruosa",
		"FloatyGross": "Grasso galleggiante",
		"Crimslime": "Slime cremisi",
		"SpikedIceSlime": "Slime di ghiaccio chiodato",
		"SnowFlinx": "Flinx di neve",
		"PincushionZombie": "Zombie",
		"SlimedZombie": "Zombie",
		"SwampZombie": "Zombie",
		"TwiggyZombie": "Zombie",
		"ArmsDealer": "Mercante di armi",
		"CataractEye": "Occhio del Demone",
		"SleepyEye": "Occhio del Demone",
		"DialatedEye": "Occhio del Demone",
		"GreenEye": "Occhio del Demone",
		"PurpleEye": "Occhio del Demone",
		"LostGirl": "Ragazza smarrita",
		"Nymph": "Ninfa",
		"ArmoredViking": "Vichingo corazzato",
		"Lihzahrd": "Rettiliano",
		"LihzahrdCrawler": "Rettiliano",
		"DemonEye": "Occhio del Demone",
		"Dryad": "Driade",
		"FemaleZombie": "Zombie",
		"HeadacheSkeleton": "Scheletro",
		"MisassembledSkeleton": "Scheletro",
		"PantlessSkeleton": "Scheletro",
		"SpikedJungleSlime": "Slime della giungla chiodato",
		"Moth": "Falena",
		"IcyMerman": "Tritone del ghiaccio",
		"DyeTrader": "Venditore di tinture",
		"PartyGirl": "Ragazza mondana",
		"Cyborg": "Cyborg",
		"Skeleton": "Scheletro",
		"Bee": "Ape",
		"BeeSmall": "Ape",
		"PirateDeckhand": "Pirata marinaio",
		"PirateCorsair": "Pirata corsaro",
		"PirateDeadeye": "Pirata bendato",
		"PirateCrossbower": "Pirata con balestra",
		"PirateCaptain": "Pirata capitano",
		"CochinealBeetle": "Cocciniglia",
		"CyanBeetle": "Scarabeo azzurro",
		"LacBeetle": "Scarabeo di resina",
		"Guide": "Guida",
		"SeaSnail": "Lumaca di mare",
		"Squid": "Calamaro",
		"QueenBee": "Ape regina",
		"ZombieRaincoat": "Zombie con impermeabile",
		"FlyingFish": "Pesce volante",
		"UmbrellaSlime": "Slime a ombrello",
		"FlyingSnake": "Serpente volante",
		"Painter": "Pittore",
		"WitchDoctor": "Stregone",
		"Pirate": "Pirata",
		"MeteorHead": "Testa di meteorite",
		"GoldfishWalker": "Pesce rosso",
		"HornetFatty": "Calabrone",
		"HornetHoney": "Calabrone",
		"HornetLeafy": "Calabrone",
		"HornetSpikey": "Calabrone",
		"HornetStingy": "Calabrone",
		"JungleCreeper": "Ragno della giungla",
		"JungleCreeperWall": "Ragno della giungla",
		"BlackRecluseWall": "Vedova eremita",
		"BloodCrawler": "Acaro del sangue",
		"FireImp": "Diavoletto di fuoco",
		"BloodCrawlerWall": "Acaro del sangue",
		"BloodFeeder": "Mangiasangue",
		"BloodJelly": "Gelatina di sangue",
		"IceGolem": "Golem del ghiaccio",
		"RainbowSlime": "Slime arcobaleno",
		"Golem": "Golem",
		"GolemHead": "Testa di golem",
		"GolemFistLeft": "Pugno di golem",
		"GolemFistRight": "Pugno di golem",
		"GolemHeadFree": "Testa di golem",
		"BurningSphere": "Sfera infuocata",
		"AngryNimbus": "Nimbus adirato",
		"Eyezor": "Eyezor",
		"Parrot": "Pappagallo",
		"Reaper": "Mietitore",
		"ZombieMushroom": "Zombie di spore",
		"ZombieMushroomHat": "Zombie di spore",
		"FungoFish": "Pesce fungo",
		"AnomuraFungus": "Anomuri",
		"MushiLadybug": "Coccinella mushi",
		"FungiBulb": "Bulbo fungoso",
		"GoblinPeon": "Goblin operaio",
		"GiantFungiBulb": "Bulbo fungoso gigante",
		"FungiSpore": "Spora fungosa",
		"Plantera": "Plantera",
		"PlanterasHook": "Uncino di Plantera",
		"PlanterasTentacle": "Tentacolo di Plantera",
		"Spore": "Spora",
		"BrainofCthulhu": "Cervello di Cthulhu",
		"Creeper": "Occhio guardiano",
		"IchorSticker": "Sputaicore",
		"RustyArmoredBonesAxe": "Ossa corazzate arrugginite",
		"GoblinThief": "Goblin ladro",
		"RustyArmoredBonesFlail": "Ossa corazzate arrugginite",
		"RustyArmoredBonesSword": "Ossa corazzate arrugginite",
		"RustyArmoredBonesSwordNoArmor": "Ossa corazzate arrugginite",
		"BlueArmoredBones": "Ossa corazzate blu",
		"BlueArmoredBonesMace": "Ossa corazzate blu",
		"BlueArmoredBonesNoPants": "Ossa corazzate blu",
		"BlueArmoredBonesSword": "Ossa corazzate blu",
		"HellArmoredBones": "Ossa corazzate infernali",
		"HellArmoredBonesSpikeShield": "Ossa corazzate infernali",
		"HellArmoredBonesMace": "Ossa corazzate infernali",
		"GoblinWarrior": "Goblin guerriero",
		"HellArmoredBonesSword": "Ossa corazzate infernali",
		"RaggedCaster": "Lanciatore lacero",
		"RaggedCasterOpenCoat": "Lanciatore lacero",
		"Necromancer": "Necromante",
		"NecromancerArmored": "Necromante",
		"DiabolistRed": "Satanico",
		"DiabolistWhite": "Satanico",
		"BoneLee": "Ossa marziali",
		"DungeonSpirit": "Spirito del dungeon",
		"GiantCursedSkull": "Teschio maledetto enorme",
		"GoblinSorcerer": "Goblin stregone",
		"Paladin": "Paladino",
		"SkeletonSniper": "Scheletro cecchino",
		"TacticalSkeleton": "Scheletro tattico",
		"SkeletonCommando": "Scheletro commando",
		"AngryBonesBig": "Ossa arrabbiate",
		"AngryBonesBigMuscle": "Ossa arrabbiate",
		"AngryBonesBigHelmet": "Ossa arrabbiate",
		"BirdBlue": "Ghiandaia blu",
		"BirdRed": "Passerotto",
		"Squirrel": "Scoiattolo",
		"Zombie": "Zombie",
		"ChaosBall": "Palla del caos",
		"Mouse": "Topo",
		"Raven": "Corvo",
		"SlimeMasked": "Slime",
		"BunnySlimed": "Coniglio",
		"HoppinJack": "Zucca intagliata saltante",
		"Scarecrow1": "Spaventapasseri",
		"Scarecrow2": "Spaventapasseri",
		"Scarecrow3": "Spaventapasseri",
		"Scarecrow4": "Spaventapasseri",
		"Scarecrow5": "Spaventapasseri",
		"AngryBones": "Ossa arrabbiate",
		"Scarecrow6": "Spaventapasseri",
		"Scarecrow7": "Spaventapasseri",
		"Scarecrow8": "Spaventapasseri",
		"Scarecrow9": "Spaventapasseri",
		"Scarecrow10": "Spaventapasseri",
		"HeadlessHorseman": "Cavaliere senza testa",
		"Ghost": "Fantasma",
		"DemonEyeOwl": "Occhio del Demone",
		"DemonEyeSpaceship": "Occhio del Demone",
		"ZombieDoctor": "Zombie",
		"DarkCaster": "Lanciatore oscuro",
		"ZombieSuperman": "Zombie",
		"ZombiePixie": "Zombie",
		"SkeletonTopHat": "Scheletro",
		"SkeletonAstonaut": "Scheletro",
		"SkeletonAlien": "Scheletro",
		"MourningWood": "Albero del pianto",
		"Splinterling": "Scheggetta",
		"Pumpking": "Re zucca",
		"PumpkingBlade": "Re zucca",
		"Hellhound": "Cerbero",
		"WaterSphere": "Sfera d'acqua",
		"Poltergeist": "Spirito malvagio",
		"ZombieXmas": "Zombie",
		"ZombieSweater": "Zombie",
		"SlimeRibbonWhite": "Slime",
		"SlimeRibbonYellow": "Slime",
		"SlimeRibbonGreen": "Slime",
		"SlimeRibbonRed": "Slime",
		"BunnyXmas": "Coniglio",
		"ZombieElf": "Elfo zombie",
		"ZombieElfBeard": "Elfo zombie",
		"CursedSkull": "Teschio maledetto",
		"ZombieElfGirl": "Elfo zombie",
		"PresentMimic": "Sosia regalo",
		"GingerbreadMan": "Omino di zenzero",
		"Yeti": "Yeti",
		"Everscream": "Semprepungente",
		"IceQueen": "Regina del ghiaccio",
		"SantaNK1": "Babbo Natale NK1",
		"ElfCopter": "Elficottero",
		"Nutcracker": "Schiaccianoci",
		"NutcrackerSpinning": "Schiaccianoci",
		"SkeletronHead": "Skeletron",
		"ElfArcher": "Elfo arciere",
		"Krampus": "Krampus",
		"Flocko": "Fiokko",
		"Stylist": "Stilista",
		"WebbedStylist": "Stilista intrappolata",
		"Firefly": "Lucciola",
		"Butterfly": "Farfalla",
		"Worm": "Verme",
		"LightningBug": "Insetto illuminante",
		"Snail": "Chiocciola",
		"SkeletronHand": "Skeletron",
		"GlowingSnail": "Chiocciola luminosa",
		"Frog": "Rana",
		"Duck": "Anatra",
		"Duck2": "Anatra",
		"DuckWhite": "Anatra",
		"DuckWhite2": "Anatra",
		"ScorpionBlack": "Scorpione",
		"Scorpion": "Scorpione",
		"TravellingMerchant": "Venditore itinerante",
		"Angler": "Pescatore",
		"OldMan": "Vecchio",
		"DukeFishron": "Duca pesce drago",
		"DetonatingBubble": "Bolla esplosiva",
		"Sharkron": "Squalo volante",
		"Sharkron2": "Squalo volante",
		"TruffleWorm": "Verme tartufo",
		"TruffleWormDigger": "Verme tartufo",
		"SleepingAngler": "Pescatore addormentato",
		"Grasshopper": "Cavalletta",
		"ChatteringTeethBomb": "Bomba dentiera",
		"CultistArcherBlue": "Arciere cultista blu",
		"Demolitionist": "Esperto in demolizioni",
		"CultistArcherWhite": "Arciere cultista bianco",
		"BrainScrambler": "Confondi cervello",
		"RayGunner": "Artigliere raggio",
		"MartianOfficer": "Ufficiale marziano",
		"ForceBubble": "Scudo bolla",
		"GrayGrunt": "Soldato grigio",
		"MartianEngineer": "Ingegnere marziano",
		"MartianTurret": "Torretta tesla",
		"MartianDrone": "Drone marziano",
		"GigaZapper": "Gigazapper",
		"BoneSerpentHead": "Serpente di ossa",
		"ScutlixRider": "Scutlix artigliere",
		"Scutlix": "Scutlix",
		"EyeofCthulhu": "Occhio di Cthulhu",
		"BoneSerpentBody": "Serpente di ossa",
		"BoneSerpentTail": "Serpente di ossa",
		"SolarCrawltipedeHead": "Centipede",
		"SolarCrawltipedeBody": "Centipede",
		"SolarCrawltipedeTail": "Centipede",
		"SolarDrakomire": "Drakomire",
		"SolarDrakomireRider": "Cavaliere drakomire",
		"SolarSroller": "Sroller",
		"SolarCorite": "Corite",
		"SolarSolenian": "Seleniano",
		"Hornet": "Calabrone",
		"ManEater": "Mangiauomini",
		"ArmedZombie": "Zombie",
		"ArmedZombieEskimo": "Eschimese zombie",
		"ArmedZombiePincussion": "Zombie",
		"ArmedZombieSlimed": "Zombie",
		"ArmedZombieSwamp": "Zombie",
		"ArmedZombieTwiggy": "Zombie",
		"ArmedZombieCenx": "Zombie",
		"UndeadMiner": "Minatore non-morto",
		"GoldBird": "Uccello d'oro",
		"GoldBunny": "Coniglio d'oro",
		"GoldButterfly": "Farfalla d'oro",
		"GoldFrog": "Rana d'oro",
		"GoldGrasshopper": "Cavalletta d'oro",
		"GoldMouse": "Topo d'oro",
		"GoldWorm": "Verme d'oro",
		"BoneThrowingSkeleton": "Scheletro",
		"Tim": "Tim",
		"BoneThrowingSkeleton2": "Scheletro",
		"BoneThrowingSkeleton3": "Scheletro",
		"BoneThrowingSkeleton4": "Scheletro",
		"Bunny": "Coniglio",
		"CorruptBunny": "Coniglio corrotto",
		"Harpy": "Arpia",
		"CaveBat": "Pipistrello della caverna",
		"ServantofCthulhu": "Servo di Cthulhu",
		"KingSlime": "Slime re",
		"JungleBat": "Pipistrello della giungla",
		"DoctorBones": "Dottor Ossa",
		"TheGroom": "Lo sposo",
		"Clothier": "Mercante di abiti",
		"Goldfish": "Pesce rosso",
		"Snatcher": "Pianta afferratrice",
		"CorruptGoldfish": "Pesce rosso corrotto",
		"Piranha": "Piraña",
		"LavaSlime": "Slime di lava",
		"EaterofSouls": "Mangiatore di anime",
		"Hellbat": "Pipistrello dell'inferno",
		"Vulture": "Avvoltoio",
		"Demon": "Demone",
		"BlueJellyfish": "Medusa blu",
		"PinkJellyfish": "Medusa rosa",
		"Shark": "Squalo",
		"VoodooDemon": "Demone voodoo",
		"Crab": "Granchio",
		"DungeonGuardian": "Guardiano del dungeon",
		"Antlion": "Formicaleone",
		"DevourerHead": "Divoratore",
		"SpikeBall": "Sfera con spuntoni",
		"DungeonSlime": "Slime del dungeon",
		"BlazingWheel": "Ruota ardente",
		"GoblinScout": "Goblin ricognitore",
		"Bird": "Uccello",
		"Pixie": "Folletto",
		"ArmoredSkeleton": "Scheletro corazzato",
		"Mummy": "Mummia",
		"DarkMummy": "Mummia scura",
		"DevourerBody": "Divoratore",
		"LightMummy": "Mummia chiara",
		"CorruptSlime": "Slime corrotto",
		"Wraith": "Fantasma",
		"CursedHammer": "Martello maledetto",
		"EnchantedSword": "Spada incantata",
		"Mimic": "Sosia",
		"Unicorn": "Unicorno",
		"WyvernHead": "Viverna",
		"WyvernLegs": "Viverna",
		"WyvernBody": "Viverna",
		"DevourerTail": "Divoratore",
		"WyvernBody2": "Viverna",
		"WyvernBody3": "Viverna",
		"WyvernTail": "Viverna",
		"GiantBat": "Pipistrello gigante",
		"Corruptor": "Corruttore",
		"DiggerHead": "Scavatore",
		"DiggerBody": "Scavatore",
		"DiggerTail": "Scavatore",
		"SeekerHead": "Alimentatore del mondo",
		"SeekerBody": "Alimentatore del mondo",
		"AncientCultistSquidhead": "Visione antica",
		"AncientDoom": "Fato antico",
		"AncientLight": "Luce antica",
		"BigMimicCorruption": "Sosia della Corruzione",
		"BigMimicCrimson": "Sosia del Cremisi",
		"BigMimicHallow": "Sosia della Consacrazione",
		"BigMimicJungle": "Sosia della giungla",
		"BloodZombie": "Zombie del sangue",
		"Buggy": "Coleottero",
		"Butcher": "Macellaio",
		"Crawdad": "Gambero",
		"Crawdad2": "Gambero",
		"CreatureFromTheDeep": "Creatura della profondità",
		"CrimsonBunny": "Coniglio di crimtano",
		"CrimsonGoldfish": "Pesce rosso di crimtano",
		"CrimsonPenguin": "Pinguino malvagio",
		"CultistBoss": "Cultista lunatico",
		"CultistBossClone": "Cultista lunatico",
		"CultistDevote": "Devoto lunatico",
		"CultistDragonBody1": "Drago fantasma",
		"CultistDragonBody2": "Drago fantasma",
		"CultistDragonBody3": "Drago fantasma",
		"CultistDragonBody4": "Drago fantasma",
		"CultistDragonHead": "Drago fantasma",
		"CultistDragonTail": "Drago fantasma",
		"CultistTablet": "Tavoletta misteriosa",
		"DD2AttackerTest": "???",
		"DD2GoblinT3": "{$NPCName.DD2GoblinT1}",
		"DD2GoblinBomberT3": "{$NPCName.DD2GoblinBomberT1}",
		"DD2JavelinstT2": "{$NPCName.DD2JavelinstT1}",
		"DD2JavelinstT3": "{$NPCName.DD2JavelinstT1}",
		"DD2LanePortal": "Portale misterioso",
		"DD2GoblinT2": "{$NPCName.DD2GoblinT1}",
		"DeadlySphere": "Sfera letale",
		"DemonTaxCollector": "Anima torturata",
		"DesertBeast": "Basilisco",
		"DesertDjinn": "Spirito del deserto",
		"DesertGhoul": "Demonio",
		"DesertGhoulCorruption": "Demonio disgustoso",
		"DesertGhoulCrimson": "Demonio corrotto",
		"DesertGhoulHallow": "Demonio sognatore",
		"DesertLamiaDark": "Lamia",
		"DesertLamiaLight": "Lamia",
		"DesertScorpionWalk": "Bracconiere di sabbia",
		"DesertScorpionWall": "Bracconiere di sabbia",
		"Drippler": "Drippler",
		"DrManFly": "Dottor K",
		"DuneSplicerBody": "Vermedune",
		"DuneSplicerHead": "Vermedune",
		"DuneSplicerTail": "Vermedune",
		"EnchantedNightcrawler": "Verme notturno incantato",
		"FlyingAntlion": "Formicaleone sciamante",
		"Fritz": "Fritz",
		"GiantShelly": "Guscio gigante",
		"GiantShelly2": "Guscio gigante",
		"GoblinSummoner": "Goblin evocatore",
		"GraniteFlyer": "Elementale di granito",
		"GraniteGolem": "Golem di granito",
		"GreekSkeleton": "Oplita",
		"Grubby": "Larva",
		"LunarTowerNebula": "Colonna della nebulosa",
		"LunarTowerSolar": "Colonna solare",
		"LunarTowerStardust": "Colonna di polvere di stella",
		"LunarTowerVortex": "Colonna del vortice",
		"MartianProbe": "Sonda marziana",
		"MartianSaucer": "Disco volante marziano",
		"MartianSaucerCannon": "Cannone disco volante marziano",
		"MartianSaucerCore": "Disco volante marziano",
		"MartianSaucerTurret": "Torretta disco volante marziano",
		"MartianWalker": "Camminatore marziano",
		"Medusa": "Medusa",
		"MoonLordCore": "Nucleo del Signore della Luna",
		"MoonLordHand": "Mano del Signore della Luna",
		"MoonLordHead": "Signore della Luna",
		"Mothron": "Mothron",
		"MothronEgg": "Uovo di mothron",
		"MothronSpawn": "Piccolo mothron",
		"Nailhead": "Testa di chiodo",
		"NebulaBeast": "Bestia dell'evoluzione",
		"NebulaBrain": "Galleggiante della nebulosa",
		"NebulaHeadcrab": "Succhiacervello",
		"NebulaSoldier": "Profeta",
		"PartyBunny": "Coniglio",
		"Psycho": "Psicopatico",
		"Salamander": "Salamandra",
		"Salamander2": "Salamandra",
		"Salamander3": "Salamandra",
		"Salamander4": "Salamandra",
		"Salamander5": "Salamandra",
		"Salamander6": "Salamandra",
		"Salamander7": "Salamandra",
		"Salamander8": "Salamandra",
		"Salamander9": "Salamandra",
		"SandElemental": "Elementale di sabbia",
		"SandShark": "Squalo di sabbia",
		"SandsharkCorrupt": "Mordiossa",
		"SandsharkCrimson": "Predatore di carne",
		"SandsharkHallow": "Trebbiatrice di cristallo",
		"SandSlime": "Slime di sabbia",
		"ShadowFlameApparition": "Apparizione fiamma d'ombra",
		"SlimeSpiked": "Slime chiodato",
		"Sluggy": "Lumaca",
		"SolarFlare": "Esplosione solare",
		"SolarGoop": "Frammento solare",
		"SolarSpearman": "Drakaniano",
		"SquirrelGold": "Scoiattolo d'oro",
		"SquirrelRed": "Scoiattolo rosso",
		"StardustCellBig": "Cellula stellare",
		"StardustCellSmall": "Batteria stellare",
		"StardustJellyfishBig": "Invasore del flusso",
		"StardustSoldier": "Astronomo",
		"StardustSpiderBig": "Lancia luccichio",
		"StardustSpiderSmall": "Luccichio",
		"StardustWormHead": "Tessitore della Via Lattea",
		"TargetDummy": "Fantoccio",
		"TaxCollector": "Esattore",
		"TheBride": "La sposa",
		"ThePossessed": "Il posseduto",
		"TombCrawlerBody": "Acaro della tomba",
		"TombCrawlerHead": "Acaro della tomba",
		"TombCrawlerTail": "Acaro della tomba",
		"Tumbleweed": "Rotolatore arrabbiato",
		"VortexHornet": "Calabrone alieno",
		"VortexHornetQueen": "Regina aliena",
		"VortexLarva": "Larva aliena",
		"VortexRifleman": "Tuffatore tempestoso",
		"VortexSoldier": "Vorticano",
		"WalkingAntlion": "Carica formicaleone",
		"DD2GoblinBomberT2": "{$NPCName.DD2GoblinBomberT1}",
		"DD2WyvernT3": "{$NPCName.DD2WyvernT1}",
		"DD2WyvernT2": "{$NPCName.DD2WyvernT1}",
		"DD2OgreT3": "{$NPCName.DD2OgreT2}",
		"DD2WitherBeastT3": "{$NPCName.DD2WitherBeastT2}",
		"DD2SkeletonT3": "{$NPCName.DD2SkeletonT1}",
		"DD2KoboldWalkerT3": "{$NPCName.DD2KoboldWalkerT2}",
		"DD2DrakinT3": "{$NPCName.DD2DrakinT2}",
		"DD2DarkMageT3": "{$NPCName.DD2DarkMageT1}",
		"DD2KoboldFlyerT3": "{$NPCName.DD2KoboldFlyerT2}",
		"BabySlime": "Slime piccolo",
		"BigRainZombie": "Zombie",
		"BlackSlime": "Slime nero",
		"DD2Bartender": "Taverniere",
		"DD2Betsy": "Betsy",
		"DD2DarkMageT1": "Mago oscuro",
		"DD2DrakinT2": "Drakin",
		"DD2EterniaCrystal": "Cristallo di Eternia",
		"DD2GoblinBomberT1": "Goblin dinamitardo eteriano",
		"DD2GoblinT1": "Goblin eteriano",
		"DD2JavelinstT1": "Lanciatore di giavellotto eteriano",
		"DD2KoboldFlyerT2": "Aliante Kobold",
		"DD2KoboldWalkerT2": "Kobold",
		"DD2LightningBugT3": "Insetto fulminante eteriano",
		"DD2OgreT2": "Orco",
		"DD2SkeletonT1": "Scheletro dell'Antico",
		"DD2WitherBeastT2": "Bestia avvizzita",
		"DD2WyvernT1": "Viverna eteriana",
		"GreenSlime": "Slime verde",
		"JungleSlime": "Slime della giungla",
		"Pinky": "Mignolo",
		"PurpleSlime": "Slime viola",
		"RedSlime": "Slime rosso",
		"Slimeling": "Slimeling",
		"Slimer2": "Slimer",
		"SmallRainZombie": "Zombie",
		"YellowSlime": "Slime giallo",
		"MoonLordFreeEye": "Vero Occhio di Cthulhu",
		"MoonLordLeechBlob": "Coagulo della sanguisuga lunare",
		"SkeletonMerchant": "Venditore scheletro",
		"PirateShip": "Olandese volante",
		"PirateShipCannon": "Cannone dell'olandese",
		"BartenderUnconscious": "Uomo inconscio"
	}
}