{
	"Announcement": {
		"HasBeenDefeated_Plural": "{0} wurden besiegt!",
		"HasBeenDefeated_Single": "{0} wurde besiegt!",
		"HasAwoken": "{0} ist erwacht!",
		"HasArrived": "{0} ist angekommen!"
	},
	"ArmorSetBonus": {
		"MetalTier1": "2 Abwehr",
		"MetalTier2": "3 Abwehr",
		"CobaltRanged": "20% Chance, keine Munition zu verbrauchen",
		"MythrilCaster": "Um 17% reduzierte Mananutzung",
		"MythrilMelee": "Um 5% erhöhte kritische Nahkampf-Trefferchance",
		"MythrilRanged": "20% Chance, keine Munition zu verbrauchen",
		"AdamantiteCaster": "Um 19% reduzierte Mananutzung",
		"AdamantiteMelee": "Um 18% erhöhtes Nahkampf-und Bewegungstempo",
		"AdamantiteRanged": "25% Chance, keine Munition zu verbrauchen",
		"HallowCaster": "Um 20% reduzierte Mananutzung",
		"HallowMelee": "Um 19% erhöhtes Nahkampf-und Bewegungstempo",
		"HallowRanged": "25% Chance, keine Munition zu verbrauchen",
		"ShadowScale": "Um 15% erhöhte Bewegungsgeschwindigkeit",
		"Wood": "1 Abwehr",
		"Crimson": "Erhöht Lebensregeneration deutlich",
		"Frost": "Nah- und Fernkampfangriffe verursachen Frostbrand",
		"Tiki": "Erhöht die maximale Anzahl deiner Günstlinge",
		"Palladium": "Erhöht nach Angriff auf Gegner Lebensregeneration deutlich",
		"Orichalcum": "Blumenblätter regnen auf dein Ziel und richten Zusatzschaden an",
		"Titanium": "Werde immun nach dem Angriff auf einen Gegner",
		"Chlorophyte": "Beschwört einen mächtigen Blattkristall mit dem du auf Gegner in der Nähe schießen kannst",
		"Wizard": "Um 10% erhöhte kritische Magie-Trefferchance",
		"Turtle": "Angreifer stecken außerdem vollen Schaden ein",
		"Meteor": "Weltraumpistole kostet 0 Mana",
		"SpectreHealing": "Magieschaden bei Gegnern heilen den Spieler mit der niedrigsten Gesundheit",
		"Shroomite": "Stillstehen tarnt dich, erhöht deine Fernkampffähigkeiten\nund verringert die Chance, dass Gegner auf dich zielen",
		"Platinum": "4 Abwehr",
		"Pumpkin": "Um 10% erhöhter Schaden",
		"Spooky": "Erhöht Günstlingschaden um 25%",
		"SpectreDamage": "Angerichteter Magieschaden fügt Gegnern in der Nähe zusätzlichen Schaden zu",
		"MagicHat": "Erhöht das Höchstmana um 60",
		"BeetleDefense": "Käfer beschützen dich vor Schaden",
		"BeetleDamage": "Käfer erhöhen deinen Nahkampfschaden und -geschwindigkeit",
		"Bee": "Erhöht Günstlingschaden um 10%",
		"Bone": "20% Chance, keine Munition zu verbrauchen",
		"Spider": "Erhöht Günstlingschaden um 12%",
		"Ninja": "33% Chance, einen geworfenen Gegenstand nicht zu verbrauchen",
		"Fossil": "50% Chance, einen geworfenen Gegenstand nicht zu verbrauchen",
		"Solar": "Nach und nach werden Sonnenschilde erstellt, die dich beschützen.\nDu kannst sie verbrauchen, um zu sprinten und Gegner Schaden zuzufügen.",
		"Vortex": "Tippe doppelt nach UNTEN, um Tarnung zu aktivieren oder zu deaktivieren,\num eine erhöhte Fernkampffähigkeite zu erhalten und die Chance für Feinde zu verringern,\nauf dich zu zielen, und trotzdem eine geringere Bewegungsgeschwindigkeit zu erhalten",
		"Nebula": "Wenn du Feinden weh tust, hast du die Chance, Buff-Booster zu spawnen.\nHebe sie auf, um gestapelte Buffs zu erhalten",
		"Stardust": "Tippe doppelt nach UNTEN, um deinen Wächter zu einem Standort zu leiten",
		"Forbidden": "Tippe doppelt nach UNTEN, um einen uralten Sturm zum Cursor-Standort zu rufen",
		"Jungle": "Um 16% reduzierte Mananutzung",
		"Molten": "17% extra Nahkampfschaden",
		"Mining": "Um 30% erhöhtes Abbautempo",
		"CobaltCaster": "Um 14% reduzierte Mananutzung",
		"CobaltMelee": "Um 15% erhöhtes Nahkampftempo",
		"ApprenticeTier2": "Erhöht die Höchstanzahl deiner Wächter\nSichtfeld und Reichweite von Flammenstoß sind massiv erhöht",
		"ApprenticeTier3": "Erhöht die Höchstanzahl deiner Wächter\nVerbessert die Wirksamkeit von Flammenstoß stark",
		"HuntressTier2": "Erhöht die Höchstanzahl deiner Wächter\nSprengfallen laden schneller und übergießen Feinde mit Öl\nSetze eingeölte Gegner in Brand, um extra Schaden zu verursachen",
		"HuntressTier3": "Erhöht die Höchstanzahl deiner Wächter\nVerbessert die Wirksamkeit von Sprengfallen stark",
		"MonkTier2": "Erhöht die Höchstanzahl deiner Wächter\nBlitzaura kann jetzt kritischen Schaden zufügen und schneller zuschlagen ",
		"MonkTier3": "Erhöht die Höchstanzahl deiner Wächter\nVerbessert die Wirksamkeit von Blitzaura stark",
		"SquireTier2": "Erhöht die Höchstanzahl deiner Wächter\nBallista durchdringt mehr Ziele und verfällt in Panik, wenn du Schaden erleidest",
		"SquireTier3": "Erhöht die Höchstanzahl deiner Wächter\nVerbessert die Wirksamkeit der Ballista stark"
	},
	"BuffDescription": {
		"AmmoBox": "20% Chance, keine Munition zu verbrauchen",
		"AmmoReservation": "20% Chance, keine Munition zu verbrauchen",
		"Archery": "Um 20% erhöhter Pfeilschaden und -tempo",
		"BabyDinosaur": "Ein Babydinosaurier folgt dir",
		"BabyEater": "Ein Baby-Seelenfresser folgt dir",
		"BabyFaceMonster": "Ein Babygesichtmonster folgt dir",
		"BabyGrinch": "Ein Baby-Grinch folgt dir",
		"BabyHornet": "Es hält dich für seine Mutter",
		"BabyPenguin": "Ich glaube, es will deinen Fisch",
		"BabySkeletronHead": "Frag lieber nicht ...",
		"BabySlime": "Das Schleimbaby kämpft für dich",
		"BabySnowman": "Ein Babyschneemann folgt dir",
		"BabyTruffle": "Ist er nicht einfach süüüüß?",
		"BallistaPanic": "Deine Ballistae schießen panisch schnell nacheinander!",
		"BasiliskMount": "Crashe in alle ... und JEDEN!",
		"Battle": "Erhöhte Feind-Spawnrate",
		"BeeMount": "BzzzBzzBZZZZBzzz",
		"BeetleEndurance1": "Erlittener Schaden wird um 15% reduziert",
		"BeetleEndurance2": "Erlittener Schaden wird um 30% reduziert",
		"BeetleEndurance3": "Erlittener Schaden wird um 45% reduziert",
		"BeetleMight1": "Nahkampfschaden und Geschwindigkeit erhöht um 10%",
		"BeetleMight2": "Nahkampfschaden und Geschwindigkeit erhöht um 20%",
		"BeetleMight3": "Nahkampfschaden und Geschwindigkeit erhöht um 30%",
		"BetsysCurse": "Abwehr wurde verringert",
		"Bewitched": "Erhöhte maximale Anzahl deiner Günstlinge",
		"BlackCat": "Ein schwarzes Kätzchen folgt dir",
		"Blackout": "Lichtsicht wird erheblich reduziert",
		"Bleeding": "Leben kann nicht regeneriert werden",
		"BoneJavelin": "Verbluten",
		"BrokenArmor": "Abwehr ist halbiert",
		"Builder": "Platzierungstempo und Reichweite erhöht",
		"BunnyMount": "Du hast Schmacht nach Karotten",
		"Burning": "Verlust an Leben und verlangsamte Bewegung",
		"Calm": "Verringerte Gegneraggression",
		"Campfire": "Lebensregeneration verbessert sich leicht",
		"ChaosState": "Die Rute der Zwietracht kostet Leben",
		"Chilled": "Deine Bewegungsgeschwindigkeit wurde verlangsamt",
		"Clairvoyance": "Magiekräfte werden erhöht",
		"CompanionCube": "Droht niemals, dich zu erstechen, und kann nicht mal reden",
		"Confused": "Bewegt sich in die falsche Richtung",
		"Crate": "Größere Chance, eine Kiste zu angeln",
		"CrimsonHeart": "Eine magische Kugel, die Licht verströmt",
		"Cursed": "Kann keine Items verwenden",
		"CursedInferno": "Leben geht verloren",
		"CursedSapling": "Ein verwünschter Schößling folgt dir",
		"CuteFishronMount": "Bring ihn bloß nicht zum Krabbeln.",
		"Dangersense": "Du kannst Gefahren in der Nähe erkennen",
		"Darkness": "Schlechtere Sicht durch weniger Licht",
		"Daybreak": "Von Sonnenstrahlen zu Asche verbrannt",
		"Dazed": "Bewegung ist stark reduziert",
		"DeadlySphere": "Die Tödliche Sphäre kämpft für dich",
		"DrillMount": "Reiten auf einem fliegenden Bohrer",
		"DryadsWard": "Die Macht der Natur beschützt dich",
		"DryadsWardDebuff": "Die Macht der Natur zwingt dich",
		"Electrified": "Du kannst dich nicht bewegen",
		"Endurance": "Um 10% verringerter Schaden",
		"EyeballSpring": "Eine Augapfelfeder folgt dir",
		"FairyBlue": "Eine Fee folgt dir",
		"FairyGreen": "Eine Fee folgt dir",
		"FairyRed": "Eine Fee folgt dir",
		"Featherfall": "Zur Kontrolle der Sinkgeschwindigkeit Hoch oder Runter drücken",
		"Fishing": "Verbesserter Angellevel",
		"Flipper": "Ganz normal in Wasser bewegen",
		"Frostburn": "Ist entweder richtig kalt oder richtig heiß. Auf jeden Fall tut's WEH!",
		"Frozen": "Du kannst dich nicht bewegen!",
		"Gills": "Wasser statt Luft atmen",
		"Gravitation": "Tippe HOCH, um die Schwerkraft umzukehren",
		"HeartLamp": "Lebensregeneration erhöht",
		"Heartreach": "Erhöhte Herzsammelreichweite",
		"Honey": "Lebensregeneration verbessert sich",
		"HornetMinion": "Die Hornisse kämpft für dich",
		"Horrified": "Du hast etwas Schlimmes gesehen. Da gibt es keinen Weg dran vorbei.",
		"Hunter": "Zeigt die Position von Feinden",
		"IceBarrier": "Erlittener Schaden wird um 25% reduziert",
		"Ichor": "Reduzierte Abwehr",
		"ImpMinion": "Der Kobold kämpft für dich",
		"Inferno": "Gegner in der Nähe fangen Feuer",
		"Invisibility": "Macht unsichtbar",
		"Ironskin": "Erhöht die Abwehr um 8",
		"LeafCrystal": "Verschießt Kristallblätter auf Gegner in der Nähe",
		"Lifeforce": "Erhöht maximale Lebensspanne um 20%",
		"Lovestruck": "Du bist verliebt!",
		"MagicLantern": "Eine verzauberte Laterne erleuchtet deinen Weg",
		"MagicPower": "Um 20% erhöhter magischer Schaden",
		"ManaRegeneration": "Erhöhte Mana-Wiederherstellung",
		"ManaSickness": "Magieschaden reduziert um ",
		"Merfolk": "Können unter Wasser leicht atmen und sich bewegen ",
		"Midas": "Lässt beim Tod mehr Geld fallen",
		"MinecartLeft": "Fahren in einer Lore",
		"MinecartLeftMech": "Fahren in einer Lore",
		"MinecartLeftWood": "Fahren in einer Lore",
		"MinecartRight": "Fahren in einer Lore",
		"MinecartRightMech": "Fahren in einer Lore",
		"MinecartRightWood": "Fahren in einer Lore",
		"MiniMinotaur": "Wie besiegt man einen Mini-Minotaurus?",
		"Mining": "Um 25% erhöhtes Abbautempo",
		"MonsterBanner": "Erhöhter Schaden und Abwehr bei den folgenden:",
		"MoonLeech": "Du kannst Heileffekte nicht absorbieren",
		"NebulaUpDmg1": "Um 15% erhöhter Schaden",
		"NebulaUpDmg2": "Um 30% erhöhter Schaden",
		"NebulaUpDmg3": "Um 45% erhöhter Schaden",
		"NebulaUpLife1": "Erhöht Lebensregeneration",
		"NebulaUpLife2": "Erhöht Lebensregeneration",
		"NebulaUpLife3": "Erhöht Lebensregeneration",
		"NebulaUpMana1": "Erhöhte Mana-Wiederherstellung",
		"NebulaUpMana2": "Erhöhte Mana-Wiederherstellung",
		"NebulaUpMana3": "Erhöhte Mana-Wiederherstellung",
		"NightOwl": "Erhöhte Nachtsicht",
		"NoBuilding": "Du hast die Macht der Schöpfung verloren!",
		"ObsidianSkin": "Immun gegen Lava",
		"Obstructed": "Du siehst nichts!",
		"OgreSpit": "Deine Bewegung ist bedeutend reduziert",
		"Oiled": "Du erleidest mehr Schaden, wenn du brennst",
		"OnFire": "Langsam entweicht das Leben",
		"PaladinsShield": "25% des Schadens wird an andere Spieler weitergegeben",
		"Panic": "Bewegungsgeschwindigkeit erhöht sich",
		"ParryDamageBuff": "Um 500% erhöhter Schaden für den nächsten Nahkampfangriff ",
		"PeaceCandle": "Verringerte Monsterspawnrate",
		"PetBunny": "Ich glaube, es will deine Karotte",
		"PetDD2Dragon": "Ein Hoardragon folgt dir",
		"PetDD2Gato": "Ein Propeller-Gato folgt dir",
		"PetDD2Ghost": "Ein Flackerdocht folgt dir",
		"PetLizard": "Abchillen wie ein Reptil",
		"PetParrot": "Polly will Keks haben",
		"PetSapling": "Ein kleiner Schößling folgt dir",
		"PetSpider": "Eine Spinne folgt dir",
		"PetTurtle": "Frohe Schildkrötenzeit!",
		"PigronMount": "Jetzt siehst du mich ...",
		"PirateMinion": "Der Pirat kämpft für dich",
		"Poisoned": "Langsam entweicht das Leben",
		"PotionSickness": "Kann keine Heil-Items mehr verbrauchen",
		"Puppy": "Ein Welpe folgt dir",
		"Pygmies": "Die Pygmäen kämpfen für dich",
		"Rabies": "Erhöhter Schaden, verringerte Lebensregeneration verursacht Statuseffekte",
		"Rage": "Kritische Trefferchance um 10% erhöht",
		"RapidHealing": "Lebensregeneration verbessert sich deutlich",
		"Ravens": "Die Raben greifen deine Gegner an",
		"Regeneration": "Belebt wieder",
		"Rudolph": "Auf dem Rücken des rotnasigen Rentiers",
		"ScutlixMount": "Pamm Pamm",
		"ShadowDodge": "Du weichst dem nächsten Angriff aus",
		"ShadowFlame": "Leben geht verloren",
		"ShadowOrb": "Eine magische Kugel, die Licht verströmt",
		"SharknadoMinion": "Der Hainado kämpft für dich",
		"Sharpened": "Nahkampfwaffen durchdringen Rüstung",
		"Shine": "Strahlt Licht aus",
		"Silenced": "Kann keine Items nutzen, die Mana erfordern",
		"Slimed": "Du bist schleimig und klebrig",
		"SlimeMount": "BOOOIIINNNG!",
		"Slow": "Bewegungstempo ist herabgesetzt",
		"SolarShield1": "Erhaltener Schaden wird um 30% reduziert, Feinde werden zurückgeworfen, wenn sie Schaden erleiden",
		"SolarShield2": "Erhaltener Schaden wird um 30% reduziert, Feinde werden zurückgeworfen, wenn sie Schaden erleiden",
		"SolarShield3": "Erhaltener Schaden wird um 30% reduziert, Feinde werden zurückgeworfen, wenn sie Schaden erleiden",
		"Sonar": "Du kannst sehen, was angebissen hat",
		"SoulDrain": "Erhöht Lebensregeneration",
		"Spelunker": "Zeigt den Fundort von Schätzen und Erz",
		"SpiderMinion": "Die Spinne kämpft für dich",
		"Squashling": "Ein Kürbisling folgt dir",
		"StardustDragonMinion": "Der Sternenstaubdrache beschützt dich",
		"StardustGuardianMinion": "Der Sternenstaub-Wächter beschützt dich",
		"StardustMinion": "Die Sternenstaubzelle kämpft für dich",
		"StardustMinionBleed": "being eaten by cells",
		"StarInBottle": "Erhöhte Mana-Wiederherstellung",
		"Stinky": "Du riechst fürchterlich",
		"Stoned": "Du bist völlig versteinert!",
		"Suffocation": "Leben geht verloren",
		"Summoning": "Erhöhte maximale Anzahl deiner Günstlinge",
		"Sunflower": "Bewegungsgeschwindigkeit ist erhöht und Monsterspawns verringert",
		"SuspiciousTentacle": "Ruft ein verdächtig aussehendes Auge, das dir Licht gibt",
		"Swiftness": "Um 25% erhöhte Bewegungsgeschwindigkeit",
		"TheTongue": "Du wirst in den Mund gesogen",
		"Thorns": "Auch die Angreifer erleiden Schaden",
		"TikiSpirit": "Ein freundlicher Geist folgt dir",
		"Tipsy": "Erhöhte Nahkampffähigkeiten, verminderte Abwehr",
		"Titan": "Verbesserter Rückstoß",
		"TurtleMount": "Langsam über Land, aber husch über See",
		"TwinEyesMinion": "Die Zwillinge kämpfen für dich",
		"UFOMinion": "Das UFO kämpft für dich",
		"UFOMount": "Ein Glück, dass du einen MAC hattest",
		"UnicornMount": "Stürme voran ... mit Stil!",
		"Venom": "Leben geht verloren",
		"VortexDebuff": "Schwerkraft um dich herum ist verzerrt",
		"Warmth": "Verringerter Schaden aus kalten Quellen",
		"WaterCandle": "Erhöhte Monsterspawnrate",
		"WaterWalking": "HINUNTER drücken, um aufs Wasser zu gehen",
		"Weak": "Körperliche Leistungsfähigkeit ist reduziert",
		"WeaponImbueConfetti": "Nahkampfangriffe lassen Konfetti regnen",
		"WeaponImbueCursedFlames": "Nahkampfangriffe richten bei Gegnern Schaden mit verfluchten Flammen an",
		"WeaponImbueFire": "Nahkampfangriffe setzen Gegner in Brand",
		"WeaponImbueGold": "Bei Nahkampfangriffen lassen Gegner mehr Gold fallen",
		"WeaponImbueIchor": "Nahkampfangriffe verringern Abwehr von Gegnern",
		"WeaponImbueNanites": "Nahkampfangriffe verwirren Feinde",
		"WeaponImbuePoison": "Nahkampfangriffe vergiften Feinde",
		"WeaponImbueVenom": "Nahkampfangriffe fügen Zielen Giftschaden zu",
		"Webbed": "Du steckst fest",
		"WellFed": "Geringe Verbesserung aller Werte",
		"Werewolf": "Körperliche Leistungsfähigkeit ist erhöht",
		"Wet": "Du verlierst Wasser",
		"WindPushed": "Der Wind schiebt dich herum!",
		"Wisp": "Ein Irrlicht folgt dir",
		"WitheredArmor": "Deine Rüstung ist verringert!",
		"WitheredWeapon": "Deine Angriffe sind schwächer!",
		"Wrath": "Um 10% erhöhter Schaden",
		"ZephyrFish": "Schwimmt gern um dich herum"
	},
	"BuffName": {
		"AmmoBox": "Munitionskiste",
		"AmmoReservation": "Munitioneinsparung",
		"Archery": "Bogenschießen",
		"BabyDinosaur": "Babydinosaurier",
		"BabyEater": "Babyfresser",
		"BabyFaceMonster": "Babygesichtmonster",
		"BabyGrinch": "Baby-Grinch",
		"BabyHornet": "Baby-Hornisse",
		"BabyPenguin": "Babypinguin",
		"BabySkeletronHead": "Baby-Skeletron-Kopf",
		"BabySlime": "Babyschleim",
		"BabySnowman": "Babyschneemann",
		"BabyTruffle": "Babytrüffel",
		"BallistaPanic": "Ballistapanik!",
		"BasiliskMount": "Basilisken-Reittier",
		"Battle": "Kampf",
		"BeeMount": "Bienen-Reittier",
		"BeetleEndurance1": "Käferausdauer",
		"BeetleEndurance2": "Käferausdauer",
		"BeetleEndurance3": "Käferausdauer",
		"BeetleMight1": "Käfermacht",
		"BeetleMight2": "Käfermacht",
		"BeetleMight3": "Käfermacht",
		"BetsysCurse": "Betsys Fluch",
		"Bewitched": "Verhext",
		"BlackCat": "Schwarze Katze",
		"Blackout": "Kurzschluss",
		"Bleeding": "Blutet",
		"BoneJavelin": "Durchdrungen",
		"BrokenArmor": "Beschädigte Rüstung",
		"Builder": "Erbauer",
		"BunnyMount": "Häschen-Reittier",
		"Burning": "Verbrennung",
		"Calm": "Still",
		"Campfire": "Gemütliches Feuer",
		"ChaosState": "Absolutes Chaos",
		"Chilled": "Erkältet",
		"Clairvoyance": "Hellsehen",
		"CompanionCube": "Gefährtenwürfel",
		"Confused": "Verwirrt",
		"Crate": "Kiste",
		"CrimsonHeart": "Purpurherz",
		"Cursed": "Verflucht",
		"CursedInferno": "Verfluchtes Inferno",
		"CursedSapling": "Verfluchter Schößling",
		"CuteFishronMount": "Niedliches Fischron-Reittier",
		"Dangersense": "Gefahrensinn",
		"Darkness": "Dunkelheit",
		"Daybreak": "Tagesanbruch",
		"Dazed": "Benommen",
		"DeadlySphere": "Tödliche Sphäre",
		"DrillMount": "Bohrer-Reittier",
		"DryadsWard": "Dyradensegen",
		"DryadsWardDebuff": "Dyradenschrecken",
		"Electrified": "Elektrisiert",
		"Endurance": "Ausdauer",
		"EyeballSpring": "Augapfelfeder",
		"FairyBlue": "Fee",
		"FairyGreen": "Fee",
		"FairyRed": "Fee",
		"Featherfall": "Federsturz",
		"Fishing": "Angeln",
		"Flipper": "Flosse",
		"Frostburn": "Frostbrand",
		"Frozen": "Eingefroren",
		"Gills": "Kiemen",
		"Gravitation": "Gravitation",
		"HeartLamp": "Herzlampe",
		"Heartreach": "Herzreich",
		"Honey": "Honig",
		"HornetMinion": "Hornisse",
		"Horrified": "Entsetzt",
		"Hunter": "Jäger",
		"IceBarrier": "Eisbarriere",
		"Ichor": "Ichor",
		"ImpMinion": "Kobold",
		"Inferno": "Inferno",
		"Invisibility": "Unsichtbarkeit",
		"Ironskin": "Eisenhaut",
		"LeafCrystal": "Blattkristall",
		"Lifeforce": "Lebenskraft",
		"Lovestruck": "Verliebt",
		"MagicLantern": "Magielaterne",
		"MagicPower": "Magiekraft",
		"ManaRegeneration": "Mana-Wiederherstellung",
		"ManaSickness": "Manakrankheit",
		"Merfolk": "Meermenschen",
		"Midas": "Midas",
		"MinecartLeft": "Lore",
		"MinecartLeftMech": "Lore",
		"MinecartLeftWood": "Lore",
		"MinecartRight": "Lore",
		"MinecartRightMech": "Lore",
		"MinecartRightWood": "Lore",
		"MiniMinotaur": "Mini-Minotaurus",
		"Mining": "Bergbau",
		"MonsterBanner": "Banner",
		"MoonLeech": "Mondbiss",
		"NebulaUpDmg1": "Schadensnebula",
		"NebulaUpDmg2": "Schadensnebula",
		"NebulaUpDmg3": "Schadensnebula",
		"NebulaUpLife1": "Lebensnebula",
		"NebulaUpLife2": "Lebensnebula",
		"NebulaUpLife3": "Lebensnebula",
		"NebulaUpMana1": "Mana-Nebula",
		"NebulaUpMana2": "Mana-Nebula",
		"NebulaUpMana3": "Mana-Nebula",
		"NightOwl": "Nachteule",
		"NoBuilding": "Kreativer Schock",
		"ObsidianSkin": "Obsidianhaut",
		"Obstructed": "Versperrt",
		"OgreSpit": "Gesickert",
		"Oiled": "Eingelölt",
		"OnFire": "Flammenmeer!",
		"PaladinsShield": "Paladinschild",
		"Panic": "Panik!",
		"ParryDamageBuff": "Treffender Moment",
		"PeaceCandle": "Friedenskerze",
		"PetBunny": "Zahmes Häschen",
		"PetDD2Dragon": "Hoardagron",
		"PetDD2Gato": "Propeller-Gato",
		"PetDD2Ghost": "Flackerdocht",
		"PetLizard": "Zahme Echse",
		"PetParrot": "Zahmer Papagei",
		"PetSapling": "Zahmer Schößling",
		"PetSpider": "Zahme Spinne",
		"PetTurtle": "Zahme Schildkröte",
		"PigronMount": "Schwarchen-Reittier",
		"PirateMinion": "Pirat",
		"Poisoned": "Vergiftet",
		"PotionSickness": "Krankheitstrank",
		"Puppy": "Welpe",
		"Pygmies": "Pygmäen",
		"Rabies": "Wilder Biss",
		"Rage": "Wut",
		"RapidHealing": "Schnelle Heilung",
		"Ravens": "Raben",
		"Regeneration": "Wiederbelebung",
		"Rudolph": "Rudolph",
		"ScutlixMount": "Scutlix-Reittier",
		"ShadowDodge": "Schattenausweichung",
		"ShadowFlame": "Schattenflamme",
		"ShadowOrb": "Schattenkugel",
		"SharknadoMinion": "Hainado",
		"Sharpened": "Geschärft",
		"Shine": "Glanz",
		"Silenced": "Zum Schweigen gebracht",
		"Slimed": "Schleim",
		"SlimeMount": "Schleim-Reittier",
		"Slow": "Langsam",
		"SolarShield1": "Sonnen-Aufflammen",
		"SolarShield2": "Sonnen-Aufflammen",
		"SolarShield3": "Sonnen-Aufflammen",
		"Sonar": "Sonar",
		"SoulDrain": "Lebensabfluss",
		"Spelunker": "Höhlenforscher",
		"SpiderMinion": "Spinne",
		"Squashling": "Kürbisling",
		"StardustDragonMinion": "Sternenstaub-Drache",
		"StardustGuardianMinion": "Sternenstaub-Wächter",
		"StardustMinion": "Sternenstaubzelle",
		"StardustMinionBleed": "Gekammert",
		"StarInBottle": "Stern in der Flasche",
		"Stinky": "Stinkig",
		"Stoned": "Bekifft",
		"Suffocation": "Erstickung",
		"Summoning": "Beschwören",
		"Sunflower": "Fröhlich!",
		"SuspiciousTentacle": "Verdächtig aussehendes Auge",
		"Swiftness": "Flinkheit",
		"TheTongue": "Die Zunge",
		"Thorns": "Dornen",
		"TikiSpirit": "Tikigeist",
		"Tipsy": "Beschwipst",
		"Titan": "Titan",
		"TurtleMount": "Schildkröten-Reittier",
		"TwinEyesMinion": "Zwillinge",
		"UFOMinion": "UFO",
		"UFOMount": "UFO-Reittier",
		"UnicornMount": "Einhorn-Reittier",
		"Venom": "Toxikum",
		"VortexDebuff": "Verzerrt",
		"Warmth": "Wärme",
		"WaterCandle": "Wasserkerze",
		"WaterWalking": "Wasserlaufen",
		"Weak": "Schwach",
		"WeaponImbueConfetti": "Waffentränkung: Konfetti",
		"WeaponImbueCursedFlames": "Waffentränkung: Verfluchte Flammen",
		"WeaponImbueFire": "Waffentränkung: Feuer",
		"WeaponImbueGold": "Waffentränkung: Gold",
		"WeaponImbueIchor": "Waffentränkung: Ichor",
		"WeaponImbueNanites": "Waffentränkung: Naniten",
		"WeaponImbuePoison": "Waffentränkung: Gift",
		"WeaponImbueVenom": "Waffentränkung: Toxikum",
		"Webbed": "Netzartig",
		"WellFed": "Kleine Stärkung",
		"Werewolf": "Werwolf",
		"Wet": "Nass",
		"WindPushed": "Mächtiger Wind",
		"Wisp": "Irrlicht",
		"WitheredArmor": "Vertrocknete Rüstung",
		"WitheredWeapon": "Vertrocknete Waffe",
		"Wrath": "Zorn",
		"ZephyrFish": "Zephyrfisch"
	},
	"MapObject": {
		"Adamantite": "Adamantit",
		"AnimalSkin": "Tierhaut",
		"Anvil": "Amboss",
		"Banner": "Banner",
		"BeeHive": "Bienenstock",
		"Chair": "Stuhl",
		"Chandelier": "Kronleuchter",
		"Chlorophyte": "Grünalge",
		"ChristmasLight": "Weihnachtslicht",
		"Cobalt": "Kobalt",
		"Copper": "Kupfer",
		"CrimsonAltar": "Purpur-Altar",
		"Crimtane": "Purpurtan",
		"DemonAltar": "Dämonenaltar",
		"Demonite": "Dämonit",
		"Door": "Tür",
		"DrippingHoney": "Tropfender Honig",
		"DrippingLava": "Tropfende Lava",
		"DrippingWater": "Tropfendes Wasser",
		"FloorLamp": "Bodenlampe",
		"Fossil": "Fossil",
		"GiantMushroom": "Riesenpilz",
		"Gold": "Gold",
		"Iron": "Eisen",
		"ItemRack": "Item-Regal",
		"Lantern": "Laterne",
		"Larva": "Larve",
		"Lead": "Blei",
		"LivingWood": "Lebendes Holz",
		"MetalBar": "Metallstange",
		"Mythril": "Mithril",
		"OrangeSquirrelCage": "Orangeeichhörnchenkäfig",
		"Orichalcum": "Oreichalkos",
		"Painting": "Malerei",
		"Palladium": "Palladium",
		"PalmTree": "Palme",
		"Picture": "Bild",
		"PineTree": "Kiefer",
		"PlanterasBulb": "Planteras Birne",
		"Platinum": "Platin",
		"Pot": "Gras",
		"Rocket": "Rakete",
		"SandFlow": "Sandfluss",
		"Sapling": "Schößling",
		"SiltExtractinator": "Schlick-Extraktinator",
		"Silver": "Silber",
		"Sink": "Waschbecken",
		"Statue": "Statue",
		"Table": "Tisch",
		"Thorn": "Dorn",
		"Thorns": "Dornen",
		"Timer": "Timer",
		"Tin": "Zinn",
		"Titanium": "Titan",
		"Trap": "Falle",
		"Tree": "Baum",
		"Trophy": "Trophäe",
		"Tungsten": "Wolfram",
		"Turret": "Türmchen",
		"Vase": "Vase",
		"WaterFountain": "Wasserbrunnen",
		"Web": "Netz"
	},
	"ChatCommand": {
		"Playing_0": "{$LegacyMultiplayer.6}",
		"Playing_1": "{$LegacyMultiplayer.21}",
		"Roll": "{$LegacyMultiplayer.8}",
		"Party": "/g",
		"Emote": "/ich"
	}
}