﻿{
	"Mobile": {
		"MaxPlayers": "Max. Spieler:",
		"Password": "Passwort:",
		"PasswordEmpty": "Keins",
		"Name": "Name:",
		"NamePlayerEmpty": "Gib deinen Namen ein ...",
		"NameWorldEmpty": "Gib einen Weltnamen ein ...",
		"Unfavorite": "Entfav.",
		"UnfavoriteFrontEnd": "Entfernen",
		"SearchingHosts": "Suche nach lokalen Hosts ...",
		"Online":"Online",
		"Local":"Lokal",
		"Host":"Hosten",
		"SelectServer":"Server auswählen",
		"Connect":"Hinzuf.",
		"ServerIP":"Server-IP:",
		"EnterServerIP":"Gib die Server-IP-Adresse ein ...",
		"ServerPort":"Server-Port:",
		"EnterServerPort":"Gib den Server-Port ein ...",
		"MagnifierEnabled":"Lupe aktiviert",
		"MagnifierDisabled":"Lupe deaktiviert",
		"FrameRateCap30":"Framerate-Grenze: 30",
		"FrameRateCap60":"Framerate-Grenze: 60",
		"ScreenEffectsEnabled":"Bildschirmeffekte aktiviert",
		"ScreenEffectsDisabled":"Bildschirmeffekte deaktiviert",
		"EditInterface":"Benutzeroberfläche bearbeiten",
		"FrameRateDisplayed":"Framerate anzeigen",
		"FrameRateHidden":"Framerate verbergen",
		"SafeRegion":"Sichere Region",
		"Interface":"Oberfläche",
		"Discard":"Verwerfen",
		"Default":"Standard",
		"UIScale":"UI Skalierung::",
		"Side":"Seite",
		"Top":"Oben",
		"Bottom":"Unten",
		"InterfaceSettingsDescription":"*Einige Einstellungen können je nach Größe deines Geräts deaktiviert sein.",
		"UsefulLinks":"Social",
		"Wiki":"Terraria-Wiki",
		"Forum":"Terraria-Forum",
		"Discord":"Terraria-Discord",
		"ContactSupport":"505 Kundendienst",
		"Youtube":"Re-Logic YouTube",
		"Twitter":"Terraria-Twitter",
		"PrivacyPolicy":"505 Datenschutz",
		"Facebook":"Terraria-Facebook",
		"TooltipFade": "Tooltipps verblassen: {0}s",
		"ItemTooltipFade": "Tooltip ausblenden: {0}s",
		"Loot": "Beuten",
		"Remove": "Löschen",
		"Unequip": "Ablegen",
		"Show": "Zeigen",
		"Hide": "Ausbl.",
		"Deposit": "Ablegen",
		"Quit": "Verlassen",
		"Enable": "Aktiv.",
		"Disable": "Deaktiv.",
		"Teleport":"Teleport.",
		"QuickStack": "Schnell-\nstapeln",
		"Materials": "Materialien",
		"Savings": "Erspartes",
		"Armour": "Rüstung",
		"NoRecipes": "Keine Rezepte verfügbar",
		"QuickSlots": "Schnell-Slots",
		"SelectItemReforge": "Wähle einen Gegenstand zum Neuschmieden",
		"WriteMessagePrompt":"Gib hier deine Nachricht ein ...",
		"QuitPrompt": "Möchtest du das Spiel wirklich verlassen?",
		"ServerFull":"Server ist voll",
		"SplitStackOpen": "Teilen",
		"SplitStackClose": "Abbr.",
		"SplitStackAction": "Teilen",
		"Join": "Spielen",
		"AimAndUse": "Zielen und benutzen",
		"AimOnly": "Nur zielen",
		"SmartCursorOn": "Smart-Cursor ein",
		"SmartCursorOff": "Smart-Cursor aus",
		"CombatTargetingOn": "Zielsperre ein",
		"CombatTargetingOff": "Zielsperre aus",
		"CombatTargetingNoTargets": "Keine Ziele",
		"HousingQuery": "Abfragen",
		"PvP": "Spieler",
		"CraftGuideEmpty": "Wähle einen Gegenstand, um Rezepte anzuzeigen",
		"HairStylist": "Stylistin",
		"Home": "Hauptmenü",
		"Sound": "Töne",
		"Gameplay": "Mehr Infos",
		"Equip": "Anlegen",
		"Sell": "Verkauf.",
		"Craft": "Herst.",
		"ApplyChanges": "Anwenden",
		"MultiplayerLocalTitle": "Hosten",
		"MultiplayerOnlineTitle": "Server Hinzuf.",
		"LeftStickAimingOn": "Linker Stick Zielen Ein",
		"LeftStickAimingOff": "Linker Stick Zielen Aus",
		"ResetCursorModes": "Zielen und Smart-Cursor-Modi zurücksetzen",
		"RemoveServerList": "{0} aus der Serverliste entfernen?",
		"BugReport": "Fehler berichten",
		"Ignore": "Ignorieren",
		"LowDiskSpaceWarning" : "Dein Gerät hat nicht viel Speicherplatz. Mach welchen frei und versuche es erneut",
		"LowMemoryHost" : "Dein Gerät hat nicht genug RAM zum Hosten eines Mehrspielerspiels",
		"LowMemoryPlayLarge": "Dein Gerät hat nicht genug RAM für eine große Welt",
		"LowMemoryGenerateLarge": "Dein Gerät hat nicht genug RAM für eine große Welt",
		"Credits": "Mitwirkende",
		"Reddit": "Terraria-Reddit",
		"TutorialToggleEnable": "Tippe auf andere Buttons, um ihre Funktion zu sehen",
		"TutorialToggleDisable": "",
		"TutorialInteract": "Ändert sich je nach Zielrichtung, wenn dein Cursor über\neinem Aktionsitem ist, wie einer Truhe/Tür oder NPC.\nDann kann der Button für Aktionen verwendet werden.\nSonst wählt er Items in der Schnellleiste aus",
		"TutorialAutoSelect": "Tippen und zum Aktivieren halten.\nJe nach Cursorposition ändert sich das gewählte Item.\nZiele mit Feuerachse und verwende \"Feuern\", um das Item zu benutzen",
		"TutorialAutoFire": "Tippe, um zwischen 'Nur zielen' und \"Zielen & benutzen\" umzuschalten. Damit änderst du den rechten Stick.\nFür \"Nur zielen\" brauchst du \"Smarte Aktion/Fire\", um dein Item nach dem Zielen zu benutzen.\nMit \"Zielen & benutzen\" aktiviert der rechte Stick das Item.\nOder tippe auf den Bildschirm, um immer \"Zielen & benutzen\" zu verwenden.",
		"TutorialQuickHeal": "Tippen zum Heilen. Button zeigt, welcher Trank genutzt wird.\nNicht aktiv bei Abklingzeit oder wenn es keine Items\nim Inventar gibt",
		"TutorialQuickMana": "Tippen zum Regenerieren von Mana. Button zeigt, welcher Trank benutzt wird.\nNicht aktiv bei Abklingzeit oder wenn es keine Items\nim Inventar gibt",
		"TutorialQuickBuff": "Tippen, um alle Buffs/Proviant auf einmal zu nutzen.\nNicht aktiv bei Abklingzeit oder wenn es keine Items\nim Inventar gibt",
		"TutorialInventoryToggle": "Tippen, um das Menü zu öffnen oder zu schließen. Du gelangst auch zu anderen Seiten:\nLinks sind Spieler (nur Multiplayer), Behausung und Inventar.\nRechts sind Truhe, Ausrüstung und Herstellen sowie NPC-Läden und Sparschwein.\nDu kannst einzelne Seiten ein-/ausschalten durch Antippen. Schließt du alle Seiten, wird das Menü geschlossen",
		"TutorialMovementAxis": "Tippen und halten, um nach Links oder Rechts zu gehen.\nRuntertippen für Herabklettern, hochtippen für Hochklettern.\nDoppeltippen zum Springen, doppeltippen und halten zum Fliegen\nDoppeltippen links/rechts zum Sprinten\nDoppeltippen nach unten, um Boni zu aktivieren",
		"TutorialFire": "Tippen, um Item aus Schnellleiste zu aktivieren.\nHalten, um weiterzufeuern, wenn Item \"Auto-Schwingen/Auto-Feuern\" hat",
		"TutorialTargetLockOn": "Wenn das Kampfzielen auf einem Feind ist,\ntippe ihn als Ziel an. Erneut tippen, um Ziel zu entfernen.\nVerschiedene Modi in den Einstellungen",
		"TutorialSmartCursor": "Tippen, um Smart-Cursor ein-/auszuschalten.\nWenn eingeschaltet, versucht das Spiel passende Ziele für Aktionen\nin der Nähe des Cursors zu finden. Kann auf dem linken Stick zum\nZielen benutzt werden. Deaktivieren in den Einstellungen",
		"TutorialJump": "Tippen zum Springen. Längeres Tippen = höheres Springen.\nTippen und halten mit Flügeln, um zu Fliegen/Gleiten",
		"TutorialQuickMount": "Tippen zum Ab-/Aufsteigen.\nKann zum Aussteigen aus Loren benutzt werden",
		"TutorialZoomIn": "Tippen zum Reinzoomen.\nAlternativ Finger zusammenziehen",
		"TutorialZoomOut": "Tippen zum Rauszoomen.\nAlternativ Finger zusammenziehen",
		"TutorialFireAxis": "Tippen und halten, um mit Cursor zu zielen.\nCursor-Position wird zurückgesetzt, wenn Smart-Cursor an ist.\nMit \"Zielen & benutzen\" kannst du das Item aus der Schnellleiste aktivieren",
		"TutorialGrappleAxis": "Tippe, halte und wische zum Greifen.\nOder tippe auf den Rand der Achse,\num sofort dorthin zu greifen",
		"LockTutorialsOn": "Tutorials deaktiviert",
		"LockTutorialsOff": "Tutorials aktiviert",
		"ResetSettings": "Standard",
		"ResetSettingsPrompt": "Alle Einstellungen zurücksetzen?",
		"Reset": "Reset",
		"TutorialInteractTitle": "Smarte Aktion",
		"TutorialAutoSelectTitle": "Auto-Auswahl",
		"TutorialAutoFireTitle": "Zielmodus umschalten",
		"TutorialQuickHealTitle": "Schnellheilen",
		"TutorialQuickManaTitle": "Schnellmana",
		"TutorialQuickBuffTitle": "Schnellbuff",
		"TutorialInventoryToggleTitle": "Menü öffnen/schließen",
		"TutorialMovementAxisTitle": "Bewegungsachse",
		"TutorialFireTitle": "Feuern",
		"TutorialTargetLockOnTitle": "Kampfzielen",
		"TutorialSmartCursorTitle": "Smart-Cursor umschalten",
		"TutorialJumpTitle": "Springen",
		"TutorialQuickMountTitle": "Schnellab-/aufsteigen",
		"TutorialZoomInTitle": "Reinzoomen",
		"TutorialZoomOutTitle": "Rauszoomen",
		"TutorialFireAxisTitle": "Feuerachse",
		"TutorialGrappleAxisTitle": "Schnellgreifen",
		"PurchaseError": "Kontakt zum Shop nicht möglich.\nBitte melden Sie sich in Ihrem Konto an und stellen\nSie eine Verbindung zum Internet her",
		"PurchaseNotFound": "\n\nUm weiterspielen zu können, musst du das gesamte Spiel freigeschaltet haben.\n\nWenn Sie dies bereits getan haben, überprüfen Sie, ob Sie mit dem Konto,\nmit dem Sie den Kauf getätigt haben, bei Google Play angemeldet\nsind, und stellen Sie sicher, dass Sie mit dem Internet verbunden sind.\n\nWenn Sie das Spiel noch nicht freigeschaltet haben, tippen Sie auf \"Store\",\num es jetzt zu kaufen.",
		"PurchaseInitialising": "Wenden Sie sich an den Store, um den Zugriff auf das vollständige\nSpiel zu überprüfen...",
		"PurchaseRetry": "Retry",
		"PurchaseStore": "Store",
		"LicenseError": "Kontakt zum Shop nicht möglich.\nBitte melden Sie sich in Ihrem Konto an und stellen\nSie eine Verbindung zum Internet her",
		"LicenseNotFound": "\n\nUm weiterspielen zu können, musst du das gesamte Spiel freigeschaltet haben.\n\nWenn Sie dies bereits getan haben, überprüfen Sie, ob Sie mit dem Konto,\nmit dem Sie den Kauf getätigt haben, bei Google Play angemeldet\nsind, und stellen Sie sicher, dass Sie mit dem Internet verbunden sind.\n\nWenn Sie das Spiel noch nicht freigeschaltet haben, tippen Sie auf \"Store\",\num es jetzt zu kaufen.",
		"LicenseInitialising": "Wenden Sie sich an den Store, um den Zugriff auf das vollständige\nSpiel zu überprüfen...",
		"LeftJumpDoubleTap": "Linker Stick-Sprung: Doppeltippen",
		"LeftJumpSingleTap": "Linker Stick-Sprung: Einmal tippen",
		"LeftJumpUp": "Linker Stick-Sprung: Nach oben ziehen (alt)",
		"LeftJumpDisabled": "Linker Stick-Sprung: Deaktiviert"		
	},
	
	"UI":	{
		"WorldSizeTiny": "Winzig"
	}
}
