{
	"ProjectileName": {
		"AdamantiteChainsaw": "Adamant-Kettensäge",
		"AdamantiteDrill": "Adamant-Bohrer",
		"AdamantiteGlaive": "Adamant-Glefe",
		"Amarok": "Jojo",
		"AmberBolt": "Bernsteinbolzen",
		"AmethystBolt": "Amethystbolzen",
		"Anchor": "Anker",
		"AncientDoomProjectile": "Ende der Prophezeiung",
		"AntiGravityHook": "Antischwerkrafthaken",
		"Arkhalis": "Arkhalis",
		"AshBallFalling": "Ascheball",
		"BabyDino": "Babydino",
		"BabyEater": "Babyfresser",
		"BabyFaceMonster": "Babygesichtmonster",
		"BabyGrinch": "Baby Grinch",
		"BabyHornet": "Baby-Hornisse",
		"BabySkeletronHead": "Baby-Skeletron-Kopf",
		"BabySlime": "Babyschleim",
		"BabySnowman": "Babyschneemann",
		"BabySpider": "Babyspinne",
		"BallofFire": "Feuerball",
		"BallofFrost": "Frostkugel",
		"BallOHurt": "Schmerzball",
		"Bananarang": "Bananarang",
		"Bat": "Fledermaus",
		"BatHook": "Fledermaushaken",
		"BeachBall": "Wasserball",
		"Bee": "Biene",
		"BeeArrow": "Bienenpfeil",
		"BeeHive": "Bienenstock",
		"Beenade": "Bienate",
		"BlackBolt": "Onyx-Blaster",
		"BlackCat": "Schwarze Katze",
		"BlackCounterweight": "Gegengewicht",
		"Blizzard": "Schneesturm",
		"BloodCloudMoving": "Blutwolke",
		"BloodCloudRaining": "Blutwolke",
		"BloodRain": "Blutregen",
		"BloodWater": "Blutwasser",
		"BloodyMachete": "Blutige Machete",
		"BlowupSmoke": "Vergrößerungsrauch",
		"BlowupSmokeMoonlord": "Vergrößerungsrauch",
		"BlueCounterweight": "Gegengewicht",
		"BlueFairy": "Blaue Fee",
		"BlueFlare": "Blaue Leuchtkugel",
		"BlueMoon": "Blauer Mond",
		"BobberFiberglass": "Schwimmer",
		"BobberFisherOfSouls": "Schwimmer",
		"BobberFleshcatcher": "Schwimmer",
		"BobberGolden": "Schwimmer",
		"BobberHotline": "Schwimmer",
		"BobberMechanics": "Schwimmer",
		"BobberReinforced": "Schwimmer",
		"BobbersittingDuck": "Schwimmer",
		"BobberWooden": "Schwimmer",
		"Bomb": "Bombe",
		"BombFish": "Bombenfisch",
		"BombSkeletronPrime": "Bombe",
		"Bone": "Knochen",
		"BoneArrow": "Knochenpfeil",
		"BoneArrowFromMerchant": "Knochenpfeil",
		"BoneDagger": "Knochendolch",
		"BoneGloveProj": "X-Knochen",
		"BoneJavelin": "Knochenwurfspeer",
		"Boulder": "Felsen",
		"BoulderStaffOfEarth": "Felsen",
		"BouncyBomb": "Federnde Bombe",
		"BouncyDynamite": "Federndes Dynamit",
		"BouncyGlowstick": "Federnder Leuchtstab",
		"BouncyGrenade": "Federnde Granate",
		"BoxingGlove": "Boxhandschuh",
		"BrainOfConfusion": "Gehirn der Verwirrung",
		"BrainScramblerBolt": "Gehirnverwirrungsbolzen",
		"Bubble": "Blase",
		"Bullet": "Patrone",
		"BulletDeadeye": "Patrone",
		"BulletHighVelocity": "Patrone",
		"BulletSnowman": "Patrone",
		"Bunny": "Hase",
		"ButchersChainsaw": "Kettensäge des Schlachters",
		"CandyCaneHook": "Zuckerstangen-Haken",
		"CandyCorn": "Bonbonmais",
		"CannonballFriendly": "Kanonenkugel",
		"CannonballHostile": "Kanonenkugel",
		"Cascade": "Jojo",
		"ChainGuillotine": "Kettenguillotine",
		"ChainKnife": "Kettenmesser",
		"ChargedBlasterCannon": "Aufgeladene Blasterkanone",
		"ChargedBlasterLaser": "Aufgeladener Blasterlaser",
		"ChargedBlasterOrb": "Aufgeladene Blasterkugel",
		"Chik": "Jojo",
		"ChlorophyteArrow": "Grünalgenpfeil",
		"ChlorophyteBullet": "Patrone",
		"ChlorophyteChainsaw": "Grünalgenkettensäge",
		"ChlorophyteDrill": "Grünalgenbohrer",
		"ChlorophyteJackhammer": "Grünalgendrucklufthammer",
		"ChlorophyteOrb": "Grünalgenkugel",
		"ChlorophytePartisan": "Grünalgenpartisane",
		"ChristmasHook": "Weihnachtshaken",
		"ClingerStaff": "Verfluchte Flammen",
		"ClothiersCurse": "Schädel",
		"CobaltChainsaw": "Kobalt-Kettensäge",
		"CobaltDrill": "Kobalt-Bohrer",
		"CobaltNaginata": "Kobalt-Naginata",
		"Code1": "Jojo",
		"Code2": "Jojo",
		"CoinPortal": "Münzenportal",
		"CompanionCube": "Gefährtenwürfel",
		"ConfettiGun": "Konfetti",
		"ConfettiMelee": "Konfetti",
		"CopperCoin": "Kupfermünze",
		"CopperCoinsFalling": "Kupfermünzen",
		"CorruptSpray": "Verdorbenes Spray",
		"CorruptYoyo": "Jojo",
		"CrimsandBallFalling": "Purpursandkugel",
		"CrimsandBallGun": "Purpursandkugel",
		"CrimsonHeart": "Purpurherz",
		"CrimsonSpray": "Purpurspray",
		"CrimsonYoyo": "Jojo",
		"CrossGraveMarker": "Grabstein",
		"CrystalBullet": "Kristallpatrone",
		"CrystalDart": "Kristallwurfpfeil",
		"CrystalLeaf": "Kristallblatt",
		"CrystalLeafShot": "Kristallblatt",
		"CrystalPulse": "Kristallladung",
		"CrystalPulse2": "Kristallladung",
		"CrystalShard": "Kristallsplitter",
		"CrystalStorm": "Kristallsturm",
		"CrystalVileShardHead": "Böser Kristallsplitter",
		"CrystalVileShardShaft": "Böser Kristallsplitter",
		"Cthulunado": "Cthulunado",
		"CultistBossFireBall": "Feuerball",
		"CultistBossFireBallClone": "Schattenfeuerball",
		"CultistBossIceMist": "Eisnebel",
		"CultistBossLightningOrb": "Blitzkugel",
		"CultistBossLightningOrbArc": "Blitzkugelbogen",
		"CultistBossParticle": "Energie",
		"CultistRitual": "Blitzritual",
		"CursedArrow": "Verfluchter Pfeil",
		"CursedBullet": "Verfluchte Patrone",
		"CursedDart": "Verfluchter Wurfpfeil",
		"CursedDartFlame": "Verfluchte Flamme",
		"CursedFlameFriendly": "Verfluchte Flamme",
		"CursedFlameHostile": "Verfluchte Flamme",
		"CursedSapling": "Verfluchter Schössling",
		"DangerousSpider": "Gefährliche Spinne",
		"DarkLance": "Finstere Lanze",
		"Daybreak": "Tagesanbruch",
		"DD2FlameBurstTowerT1": "Flammenstoßturm",
		"DD2FlameBurstTowerT1Shot": "Flammenstoßturm",
		"DD2FlameBurstTowerT2": "Flammenstoßturm",
		"DD2FlameBurstTowerT2Shot": "Flammenstoßturm",
		"DD2FlameBurstTowerT3": "Flammenstoßturm",
		"DD2FlameBurstTowerT3Shot": "Flammenstoßturm",
		"DD2JavelinHostile": "Wurfspeer",
		"DeadlySphere": "Tödliche Sphäre",
		"DeathLaser": "Todeslaser",
		"DeathSickle": "Todessichel",
		"DemonScythe": "Dämonensense",
		"DemonSickle": "Dämonensichel",
		"DesertDjinnCurse": "Fluch des Wüstengeists",
		"DiamondBolt": "Diamantbolzen",
		"DirtBall": "Schmutzkugel",
		"DrillMountCrosshair": "Bohrerfadenkreuz",
		"DrManFlyFlask": "Flasche",
		"DryadsWardCircle": "Dyradenschutz",
		"DualHookBlue": "Haken",
		"DualHookRed": "Haken",
		"Dynamite": "Dynamit",
		"EatersBite": "Biss des Essers",
		"EbonsandBallFalling": "Ebensandball",
		"EbonsandBallGun": "Ebensandball",
		"EighthNote": "Notiz",
		"Electrosphere": "Elektrosphäre",
		"ElectrosphereMissile": "Elektrosphärenrakete",
		"EmeraldBolt": "Smaragdbolzen",
		"EnchantedBeam": "Verzauberter Strahl",
		"EnchantedBoomerang": "Verzauberter Bumerang",
		"ExplosiveBullet": "Explodierende Kugel",
		"ExplosiveBunny": "Explosives Häschen",
		"Explosives": "Sprengstoff",
		"EyeBeam": "Augenstrahl",
		"EyeFire": "Augenfeuer",
		"EyeLaser": "Augenlaser",
		"EyeSpring": "Augenfeder",
		"FallingStar": "Sternschnuppe",
		"FireArrow": "Feuerpfeil",
		"Fireball": "Feuerball",
		"FireworkFountainBlue": "Feuerwerksbrunnen",
		"FireworkFountainRainbow": "Feuerwerksbrunnen",
		"FireworkFountainRed": "Feuerwerksbrunnen",
		"FireworkFountainYellow": "Feuerwerksbrunnen",
		"FishHook": "Angelhaken",
		"Flairon": "Flairon",
		"FlaironBubble": "Flaironblase",
		"Flamarang": "Flammarang",
		"Flamelash": "Flammenpeitsche",
		"Flames": "Flammen",
		"FlamesTrap": "Flammen",
		"FlamethrowerTrap": "Flammenwerfer",
		"FlamingArrow": "Flammenpfeil",
		"FlamingJack": "Brennender Jack",
		"FlamingScythe": "Brennende Sense",
		"FlamingWood": "Brennendes Holz",
		"Flare": "Leuchtkugel",
		"FlowerPetal": "Blütenblatt",
		"FlowerPow": "Blumenbumm",
		"FlowerPowPetal": "Blumenbumm",
		"FlyingImp": "Fliegender Kobold",
		"FlyingKnife": "Fliegendes Messer",
		"FlyingPiggyBank": "Fliegendes Sparschwein",
		"FormatC": "Jojo",
		"FoulPotion": "Faultrank",
		"FrostArrow": "Frostpfeil",
		"FrostBeam": "Froststrahl",
		"FrostBlastFriendly": "Froststoß",
		"FrostBlastHostile": "Froststoß",
		"FrostBoltStaff": "Frostbolzen",
		"FrostBoltSword": "Frostbolzen",
		"FrostburnArrow": "Gefrierbrandpfeil",
		"FrostDaggerfish": "Frost-Dolchfisch",
		"FrostHydra": "Frosthydra",
		"FrostShard": "Frostsplitter",
		"FrostWave": "Frostwelle",
		"FruitcakeChakram": "Früchtebrot-Chakram",
		"GemHookAmethyst": "Edelsteinhaken",
		"GemHookDiamond": "Edelsteinhaken",
		"GemHookEmerald": "Edelsteinhaken",
		"GemHookRuby": "Edelsteinhaken",
		"GemHookSapphire": "Edelsteinhaken",
		"GemHookTopaz": "Edelsteinhaken",
		"GeyserTrap": "Geysir",
		"GiantBee": "Biene",
		"GigaZapperSpear": "Gigazapper-Angriffsspitze",
		"Glowstick": "Leuchtstab",
		"GoldCoin": "Goldmünze",
		"GoldCoinsFalling": "Goldmünzen",
		"GoldenBullet": "Goldene Kugel",
		"GoldenShowerFriendly": "Goldener Schauer",
		"GoldenShowerHostile": "Goldener Schauer",
		"GolemFist": "Golemfaust",
		"Gradient": "Jojo",
		"GraveMarker": "Grabstein",
		"Gravestone": "Grabstein",
		"GreekFire1": "Griechisches Feuer",
		"GreekFire2": "Griechisches Feuer",
		"GreekFire3": "Griechisches Feuer",
		"GreenCounterweight": "Gegengewicht",
		"GreenFairy": "Rosa Fee",
		"GreenLaser": "Grüner Laser",
		"Grenade": "Granate",
		"GrenadeI": "Granate",
		"GrenadeII": "Granate",
		"GrenadeIII": "Granate",
		"GrenadeIV": "Granate",
		"Gungnir": "Gungnir",
		"HallowSpray": "Heiliges Spray",
		"HallowStar": "Heiliger Stern",
		"Hamdrax": "Hamdrax",
		"HappyBomb": "Fröhliche Bombe",
		"Harpoon": "Harpune",
		"HarpyFeather": "Harpyenfeder",
		"Headstone": "Grabstein",
		"HeatRay": "Hitzestrahl",
		"HelFire": "Jojo",
		"HellfireArrow": "Höllenfeuerpfeil",
		"Hellwing": "Höllenflügen",
		"HolyArrow": "Heiliger Pfeil",
		"HolyWater": "Heiliges Wasser",
		"Hook": "Haken",
		"Hornet": "Hornisse",
		"HornetStinger": "Hornissenstachel",
		"IceBlock": "Eisklotz",
		"IceBolt": "Eisbolzen",
		"IceBoomerang": "Eisbumerang",
		"IceSickle": "Eissichel",
		"IceSpike": "Eisstachel",
		"IcewaterSpit": "Eiswasserspeichel",
		"IchorArrow": "Ichorpfeil",
		"IchorBullet": "Ichorkugel",
		"IchorDart": "Ichorwurfpfeil",
		"IchorSplash": "Ichorspritzer",
		"IlluminantHook": "Haken",
		"ImpFireball": "Koboldfeuerball",
		"InfernoFriendlyBlast": "Inferno",
		"InfernoFriendlyBolt": "Inferno",
		"InfernoHostileBlast": "Inferno",
		"InfernoHostileBolt": "Inferno",
		"InfluxWaver": "Zuflussschwenken",
		"IvyWhip": "Efeupeitsche",
		"JackOLantern": "Kürbislaterne",
		"JavelinFriendly": "Wurfspeer",
		"JavelinHostile": "Wurfspeer",
		"JestersArrow": "Narrenpfeil",
		"JumperSpider": "Springspinne",
		"JungleSpike": "Dschungelstachel",
		"JungleYoyo": "Jojo",
		"Kraken": "Jojo",
		"Landmine": "Tretmine",
		"LaserDrill": "Laserbohrer",
		"LaserMachinegun": "Laser-Maschinengewehr",
		"LaserMachinegunLaser": "Laser",
		"LastPrism": "Letztes Prisma",
		"LastPrismLaser": "Letztes Prisma",
		"Leaf": "Blatt",
		"LightBeam": "Lichtstrahl",
		"LightDisc": "Lichtscheibe",
		"LostSoulFriendly": "Verlorene Seele",
		"LostSoulHostile": "Verlorene Seele",
		"LovePotion": "Liebestrank",
		"LunarFlare": "Monderuption",
		"LunarHookNebula": "Mondhaken",
		"LunarHookSolar": "Mondhaken",
		"LunarHookStardust": "Mondhaken",
		"LunarHookVortex": "Mondhaken",
		"MagicDagger": "Magischer Dolch",
		"MagicLantern": "Magielaterne",
		"MagicMissile": "Magische Rakete",
		"MagnetSphereBall": "Magnetsphäre",
		"MagnetSphereBolt": "Magnetsphäre",
		"MartianTurretBolt": "Elektrischer Bolzen",
		"MartianWalkerLaser": "Laserstrahl",
		"MechanicalPiranha": "Mechanischer Piranha",
		"MechanicWrench": "Mechanikerrute",
		"MedusaHead": "Medusastrahl",
		"MedusaHeadRay": "Medusastrahl",
		"Meowmere": "Meowmere",
		"Meteor1": "Meteor",
		"Meteor2": "Meteor",
		"Meteor3": "Meteor",
		"MeteorShot": "Meteorenschuss",
		"MinecartMechLaser": "Lorenlaser",
		"MiniMinotaur": "Mini-Minotaurus",
		"MiniRetinaLaser": "Mini-Retina-Laser",
		"MiniSharkron": "Mini-Drachai",
		"Missile": "Flugkörper",
		"MolotovCocktail": "Molotowcocktail",
		"MolotovFire": "Molotowfeuer",
		"MolotovFire2": "Molotowfeuer",
		"MolotovFire3": "Molotowfeuer",
		"MoonLeech": "Mondblutegel",
		"MoonlordArrow": "Luminit-Pfeil",
		"MoonlordArrowTrail": "Luminit-Pfeil",
		"MoonlordBullet": "Luminit-Kugel",
		"MoonlordTurret": "Mondportal",
		"MoonlordTurretLaser": "Mondportallaser",
		"MudBall": "Schlammball",
		"Mushroom": "Pilz",
		"MushroomSpear": "Pilzspeer",
		"MushroomSpray": "Pilzspray",
		"MythrilChainsaw": "Mythrill-Kettensäge",
		"MythrilDrill": "Mythrill-Bohrer",
		"MythrilHalberd": "Mythrill-Hellebarde",
		"Nail": "Nagel",
		"NailFriendly": "Nagel",
		"NanoBullet": "Nanokugel",
		"NebulaArcanum": "Nebula Arcanum",
		"NebulaArcanumExplosionShot": "Nebula Arcanum",
		"NebulaArcanumExplosionShotShard": "Nebula Arcanum",
		"NebulaArcanumSubshot": "Nebula Arcanum",
		"NebulaBlaze1": "Nebula-Aufflammen",
		"NebulaBlaze2": "Nebula-Aufflammen Ex",
		"NebulaBolt": "Nebula-Durchdringer",
		"NebulaChainsaw": "Nebula-Kettensäge",
		"NebulaDrill": "Nebula-Bohrer",
		"NebulaEye": "Nebula-Auge",
		"NebulaLaser": "Nebula-Laser",
		"NebulaSphere": "Nebula-Sphäre",
		"NettleBurstEnd": "Nesselstoß",
		"NettleBurstLeft": "Nesselstoß",
		"NettleBurstRight": "Nesselstoß",
		"NightBeam": "Nachtstrahl",
		"None": "",
		"NorthPoleSnowflake": "Nordpol",
		"NorthPoleSpear": "Nordpol",
		"NorthPoleWeapon": "Nordpol",
		"NurseSyringeHeal": "Spritze",
		"NurseSyringeHurt": "Spritze",
		"Obelisk": "Grabstein",
		"ObsidianSwordfish": "Osidianschwertfisch",
		"OneEyedPirate": "Einäugiger Pirat",
		"OrichalcumChainsaw": "Oreichalkoskettensäge",
		"OrichalcumDrill": "Oreichalkosbohrer",
		"OrichalcumHalberd": "Oreichalkoshellebarde",
		"OrnamentFriendly": "Schmuck",
		"OrnamentHostile": "Schmuck",
		"OrnamentHostileShrapnel": "Schmuck",
		"PainterPaintball": "Paintball",
		"PaladinsHammerFriendly": "Paladins Hammer",
		"PaladinsHammerHostile": "Paladins Hammer",
		"PalladiumChainsaw": "Palladiumkettensäge",
		"PalladiumDrill": "Palladiumbohrer",
		"PalladiumPike": "Palladiumspieß",
		"Parrot": "Papagei",
		"PartyBullet": "Partykugel",
		"PartyGirlGrenade": "Konfettigranate",
		"PearlSandBallFalling": "Perlensandball",
		"PearlSandBallGun": "Perlensandball",
		"Penguin": "Pinguin",
		"PetLizard": "Zahme Echse",
		"Phantasm": "Phantasm",
		"PhantasmalBolt": "Phantasmischer Bolzern",
		"PhantasmalDeathray": "Phantasmischer Todesstrahl",
		"PhantasmalEye": "Phantasmisches Auge",
		"PhantasmalSphere": "Phantasmische Sphäre",
		"PhantasmArrow": "Phantasm",
		"PhasicWarpDisc": "",
		"PhasicWarpEjector": "",
		"PineNeedleFriendly": "Piniennadel",
		"PineNeedleHostile": "Piniennadel",
		"PinkFairy": "Rosa Fee",
		"PinkLaser": "Rosa Laser",
		"PirateCaptain": "Piratenkäpt'n",
		"PlatinumCoin": "Platinmünze",
		"PlatinumCoinsFalling": "Platinmünzen",
		"PoisonDart": "Giftpfeil",
		"PoisonDartBlowgun": "Giftpfeil",
		"PoisonDartTrap": "Giftpfeil",
		"PoisonedKnife": "Vergiftetes Messer",
		"PoisonFang": "Giftklaue",
		"PoisonSeedPlantera": "Giftsaat",
		"PortalGun": "Portalrevolver",
		"PortalGunBolt": "Portalbolzen",
		"PortalGunGate": "Portaltor",
		"PossessedHatchet": "Besessenes Beil",
		"Present": "Geschenk",
		"ProximityMineI": "Landmine",
		"ProximityMineII": "Landmine",
		"ProximityMineIII": "Landmine",
		"ProximityMineIV": "Landmine",
		"PulseBolt": "Pulsbolzen",
		"Puppy": "Welpe",
		"PureSpray": "Reines Spray",
		"PurificationPowder": "Läuterungspulver",
		"PurpleCounterweight": "Gegengewicht",
		"PurpleLaser": "Lila Laser",
		"Pygmy": "Pygmäe",
		"Pygmy2": "Pygmäe",
		"Pygmy3": "Pygmäe",
		"Pygmy4": "Pygmäe",
		"PygmySpear": "Pygmäe",
		"QuarterNote": "Notiz",
		"RainbowBack": "Regenbogen",
		"RainbowCrystal": "Regenbogenkristall",
		"RainbowCrystalExplosion": "Regenbogenexplosion",
		"RainbowFront": "Regenbogen",
		"RainbowRodBullet": "Regenbogen",
		"RainCloudMoving": "Regenwolke",
		"RainCloudRaining": "Regenwolke",
		"RainFriendly": "Regen",
		"RainNimbus": "Regen",
		"Rally": "Jojo",
		"Raven": "Rabe",
		"RayGunnerLaser": "Laserstrahl",
		"RedCounterweight": "Gegengewicht",
		"RedsYoyo": "Jojo",
		"Retanimini": "Retanimini",
		"RichGravestone1": "Grabstein",
		"RichGravestone2": "Grabstein",
		"RichGravestone3": "Grabstein",
		"RichGravestone4": "Grabstein",
		"RichGravestone5": "Grabstein",
		"RocketFireworkBlue": "Rakete",
		"RocketFireworkGreen": "Rakete",
		"RocketFireworkRed": "Rakete",
		"RocketFireworksBoxBlue": "Rakete",
		"RocketFireworksBoxGreen": "Rakete",
		"RocketFireworksBoxRed": "Rakete",
		"RocketFireworksBoxYellow": "Rakete",
		"RocketFireworkYellow": "Rakete",
		"RocketI": "Rakete",
		"RocketII": "Rakete",
		"RocketIII": "Rakete",
		"RocketIV": "Rakete",
		"RocketSkeleton": "Rakete",
		"RocketSnowmanI": "Rakete",
		"RocketSnowmanII": "Rakete",
		"RocketSnowmanIII": "Rakete",
		"RocketSnowmanIV": "Rakete",
		"RopeCoil": "Spiralseil",
		"RottenEgg": "Faules Ei",
		"RubyBolt": "Rubinbolzen",
		"RuneBlast": "Runenstoß",
		"SalamanderSpit": "Giftspucke",
		"SandBallFalling": "Sandball",
		"SandBallGun": "Sandball",
		"SandnadoFriendly": "Alter Sturm",
		"SandnadoHostile": "Alter Sturm",
		"SandnadoHostileMark": "Alter Sturm",
		"SantaBombs": "Weihnachtsschmuck",
		"Sapling": "Schößling",
		"SapphireBolt": "Saphirbolzen",
		"SaucerDeathray": "Marsianer-Todesstrahl",
		"SaucerLaser": "UFO-Laser",
		"SaucerMissile": "Marsianer-Rakete",
		"SaucerScrap": "UFO-Schrott",
		"SawtoothShark": "Sägezahnhai",
		"ScutlixLaser": "Laser",
		"ScutlixLaserCrosshair": "Scutlix-Fadenkreuz",
		"ScutlixLaserFriendly": "Scutlix-Laser",
		"Seed": "Samen",
		"SeedlerNut": "Setzling",
		"SeedlerThorn": "Setzling",
		"SeedPlantera": "Samen",
		"ShadowBeamFriendly": "Schattenstrahl",
		"ShadowBeamHostile": "Schattenstrahl",
		"ShadowFlame": "Schattenflamme",
		"ShadowFlameArrow": "Schattenflammenpfeil",
		"ShadowFlameKnife": "Schattenflammenmesser",
		"Shadowflames": "Schattenflammen",
		"ShadowOrb": "Schattenkugel",
		"Sharknado": "Hainado",
		"SharknadoBolt": "Hainadoblitz",
		"Shuriken": "Wurfstern",
		"SilkRopeCoil": "Spiralseil",
		"SiltBall": "Schlickball",
		"SilverCoin": "Silbermünze",
		"SilverCoinsFalling": "Silbermünzen",
		"SkeletonBone": "Knochen",
		"SkeletronHand": "Skeletronhand",
		"Skull": "Schädel",
		"SkyFracture": "Himmelsriss",
		"SlimeGun": "Schleimpistole",
		"SlimeHook": "Schleimhaken",
		"SlushBall": "Schlackekugel",
		"SmokeBomb": "Rauchbombe",
		"SniperBullet": "Sniper-Kugel",
		"SnowBallFriendly": "Schneekugel",
		"SnowBallHostile": "Schneekugel",
		"SolarCounter": "Solarstrahlung",
		"SolarFlareChainsaw": "Sonneneruptions-Kettensäge",
		"SolarFlareDrill": "Sonneneruptions-Bohrer",
		"SolarFlareRay": "Sonneneruption",
		"SolarWhipSword": "Sonnenausbruch",
		"SolarWhipSwordExplosion": "Sonnenausbruch",
		"SoulDrain": "Seelensaugen",
		"SoulscourgePirate": "Seelengeißelpirat",
		"Spark": "Funken",
		"Spazmamini": "Spazmamini",
		"Spear": "Speer",
		"SpearTrap": "Speer",
		"SpectreWrath": "Geisterzorn",
		"SpelunkerGlowstick": "Höhlengänger-Leuchtstab",
		"Spider": "Spinne",
		"SpiderEgg": "Spinnenei",
		"SpiderHiver": "Spinnenkanonenturm",
		"Spike": "Stachel",
		"SpikedSlimeSpike": "Schleimstachel",
		"SpikyBall": "Dornenball",
		"SpikyBallTrap": "Dornenball",
		"SpiritFlame": "Geisterflamme",
		"SpiritHeal": "Geistheilung",
		"SporeCloud": "Sporenwolke",
		"SporeGas": "Spore",
		"SporeGas2": "Spore",
		"SporeGas3": "Spore",
		"SporeTrap": "Spore",
		"SporeTrap2": "Spore",
		"Squashling": "Kürbisling",
		"Stake": "Pflock",
		"StarAnise": "Zuckerkeks",
		"StardustCellMinion": "Sternenstaubzelle",
		"StardustCellMinionShot": "Sternenstaubzelle",
		"StardustChainsaw": "Sternenstaub-Kettensäge",
		"StardustDragon1": "Sternenstaub-Drache",
		"StardustDragon2": "Sternenstaub-Drache",
		"StardustDragon3": "Sternenstaub-Drache",
		"StardustDragon4": "Sternenstaub-Drache",
		"StardustDrill": "Sternenstaub-Bohrer",
		"StardustGuardian": "Sternenstaub-Wächter",
		"StardustGuardianExplosion": "Sternenexplosion",
		"StardustJellyfishSmall": "Flusseindringling",
		"StardustSoldierLaser": "Sternenstaub-Laser",
		"StardustTowerMark": "Sternenzeichen",
		"Starfury": "Sternenwut",
		"StarWrath": "Sternenzorn",
		"StaticHook": "Statischer Haken",
		"StickyBomb": "Haftbombe",
		"StickyDynamite": "Klebriges Dynamit",
		"StickyGlowstick": "Klebriger Leuchtstab",
		"StickyGrenade": "Haftgranate",
		"Stinger": "Stachel",
		"Stynger": "Stachler",
		"StyngerShrapnel": "Stachler",
		"Sunfury": "Sonnenzorn",
		"SuspiciousTentacle": "Verdächtig aussehendes Tentakel",
		"SwordBeam": "Schwertstrahl",
		"Swordfish": "Schwertfisch",
		"Tempest": "Sturm",
		"TendonHook": "Haken",
		"TerraBeam": "Terrastrahl",
		"Terrarian": "Terraner",
		"TerrarianBeam": "Terraner",
		"TheDaoofPow": "Das Dao von Peng",
		"TheEyeOfCthulhu": "Jojo",
		"TheMeatball": "Der Fleischklops",
		"TheRottedFork": "Die verwittere Gabel",
		"ThornBall": "Dornenkugel",
		"ThornChakram": "Dornen-Chakram",
		"ThornHook": "Haken",
		"ThrowingKnife": "Wurfmesser",
		"TiedEighthNote": "Notiz",
		"TikiSpirit": "Tikigeist",
		"TinyEater": "Kleiner Fresser",
		"TitaniumChainsaw": "Titankettensäge",
		"TitaniumDrill": "Titanbohrer",
		"TitaniumTrident": "Titandreizack",
		"Tombstone": "Grabstein",
		"TopazBolt": "Topasbolzen",
		"TowerDamageBolt": "Abgelassene Energie",
		"ToxicBubble": "Giftige Blase",
		"ToxicCloud": "Giftwolke",
		"ToxicCloud2": "Giftwolke",
		"ToxicCloud3": "Giftwolke",
		"ToxicFlask": "Giftflasche",
		"TrackHook": "Gleishaken",
		"Trident": "Dreizack",
		"Truffle": "Trüffel",
		"TruffleSpore": "Trüffelsporen",
		"Turtle": "Schildkröte",
		"Twinkle": "Flimmern",
		"Typhoon": "Taifun",
		"UFOLaser": "UFO-Strahl",
		"UFOMinion": "UFO",
		"UnholyArrow": "Unheiliger Pfeil",
		"UnholyTridentFriendly": "Unheiliger Dreizack",
		"UnholyTridentHostile": "Unheiliger Dreizack",
		"UnholyWater": "Unheiliges Wasser",
		"ValkyrieYoyo": "Jojo",
		"Valor": "Jojo",
		"VampireHeal": "Vampirheilung",
		"VampireKnife": "Vampirmesser",
		"VenomArrow": "Toxikumpfeil",
		"VenomBullet": "Toxikumkugel",
		"VenomFang": "Toxikumgiftzahn",
		"VenomSpider": "Giftspinne",
		"ViciousPowder": "Böses Pulver",
		"VilePowder": "Ekelpulver",
		"VilethornBase": "Ekeldorn",
		"VilethornTip": "Ekeldorn",
		"VineRopeCoil": "Rankenseilrolle",
		"VortexAcid": "Alien-Matsch",
		"VortexBeater": "Vortex-Schläger",
		"VortexBeaterRocket": "Vortex-Rakete",
		"VortexChainsaw": "Vortex-Kettensäge",
		"VortexDrill": "Vortex-Bohrer",
		"VortexLaser": "Vortex-Laser",
		"VortexLightning": "Vortex-Blitz",
		"VortexVortexLightning": "Vortex",
		"VortexVortexPortal": "Vortex",
		"Wasp": "Wespe",
		"WaterBolt": "Wasserbolzen",
		"WaterGun": "Wasserpistole",
		"WaterStream": "Wasserstrom",
		"Web": "Netz",
		"WebRopeCoil": "Spiralseil",
		"WebSpit": "Netzspucke",
		"WireKite": "Drahtdrachen",
		"Wisp": "Irrlicht",
		"WoodenArrowFriendly": "Holzpfeil",
		"WoodenArrowHostile": "Holzpfeil",
		"WoodenBoomerang": "Holzbumerang",
		"WoodHook": "Holzhaken",
		"WoodYoyo": "Jojo",
		"WormHook": "Haken",
		"Xenopopper": "Xenopopper",
		"Yelets": "Jojo",
		"YellowCounterweight": "Gegengewicht",
		"ZephyrFish": "Zephyrfisch",
		"Ale": "Bier",
		"ApprenticeStaffT3Shot": "Betsys Zorn",
		"BookStaffShot": "Buch des unendlichen Wissens",
		"DD2ApprenticeStorm": "Wirbelwind des unendlichen Wissens",
		"DD2BallistraProj": "Ballista",
		"DD2BallistraTowerT1": "Ballista",
		"DD2BallistraTowerT2": "Ballista",
		"DD2BallistraTowerT3": "Ballista",
		"DD2BetsyArrow": "Fliegender Schrecken",
		"DD2BetsyFireball": "Betsys Feuerball",
		"DD2BetsyFlameBreath": "Betsys Atem",
		"DD2DarkMageBolt": "Dunkle Energie",
		"DD2DarkMageHeal": "Dunkles Siegel",
		"DD2DarkMageRaise": "Dunkles Siegel",
		"DD2DrakinShot": "Drakin",
		"DD2ElderWins": "Düsteres Ende",
		"DD2ExplosiveTrapT1": "Sprengfalle",
		"DD2ExplosiveTrapT1Explosion": "Sprengfalle",
		"DD2ExplosiveTrapT2": "Sprengfalle",
		"DD2ExplosiveTrapT2Explosion": "Sprengfalle",
		"DD2ExplosiveTrapT3": "Sprengfalle",
		"DD2ExplosiveTrapT3Explosion": "Sprengfalle",
		"DD2GoblinBomb": "Goblinbombe",
		"DD2LightningAuraT1": "Blitzaura",
		"DD2LightningAuraT2": "Blitzaura",
		"DD2LightningAuraT3": "Blitzaura",
		"DD2LightningBugZap": "Vertrockneter Bolzen",
		"DD2OgreSmash": "Ogerstampfen",
		"DD2OgreSpit": "Ogerspuke",
		"DD2OgreStomp": "Ogerstampfen",
		"DD2PetDragon": "Hoardagron",
		"DD2PetGato": "Propeller-Gato",
		"DD2PetGhost": "Flickerdocht",
		"DD2PhoenixBow": "Phantom-Phönix",
		"DD2PhoenixBowShot": "Phantom-Phönix",
		"DD2SquireSonicBoom": "Herzhafter Schlag",
		"DD2Win": "Sieg!",
		"MonkStaffT1": "Müde Krake",
		"MonkStaffT1Explosion": "Stabschlag",
		"MonkStaffT2": "Grausige Glefe",
		"MonkStaffT2Ghast": "Ghast",
		"MonkStaffT3": "Wut des Himmelsdrachen",
		"MonkStaffT3_Alt": "Wut des Himmelsdrachen",
		"MonkStaffT3_AltShot": "Wut des Himmelsdrachen",
		"DD2JavelinHostileT3": "{$ProjectileName.DD2JavelinHostile}"
	}
}