{
	"NPCName": {
		"BlueSlime": "Blauer Schleim",
		"GiantWormHead": "Riesenwurm",
		"SeekerTail": "Weltspeiser",
		"Clinger": "Klette",
		"AnglerFish": "Seeteufel",
		"GreenJellyfish": "Grüne Qualle",
		"Werewolf": "Werwolf",
		"BoundGoblin": "Gebundener Goblin",
		"BoundWizard": "Gebundener Zauberer",
		"GoblinTinkerer": "Goblin-Tüftler",
		"Wizard": "Zauberer",
		"Clown": "Clown",
		"GiantWormBody": "Riesenwurm",
		"SkeletonArcher": "Skelettbogenschütze",
		"GoblinArcher": "Goblin-Bogenschütze",
		"VileSpit": "Ekelspeichel",
		"WallofFlesh": "Fleischwand",
		"WallofFleshEye": "Fleischwand",
		"TheHungry": "Fressmaul",
		"TheHungryII": "Fressmaul",
		"LeechHead": "Blutegel",
		"LeechBody": "Blutegel",
		"LeechTail": "Blutegel",
		"GiantWormTail": "Riesenwurm",
		"ChaosElemental": "Chaos-Elementar",
		"Slimer": "Schleimer",
		"Gastropod": "Bauchfüßler",
		"BoundMechanic": "Gebundene Mechanikerin",
		"Mechanic": "Mechanikerin",
		"Retinazer": "Retinazer",
		"Spazmatism": "Spazmatism",
		"SkeletronPrime": "Skeletron Prime",
		"PrimeCannon": "Super-Kanone",
		"PrimeSaw": "Super-Säge",
		"EaterofWorldsHead": "Weltenfresser",
		"PrimeVice": "Super-Zange",
		"PrimeLaser": "Super-Laser",
		"BaldZombie": "Zombie",
		"WanderingEye": "Wanderndes Auge",
		"TheDestroyer": "Der Zerstörer",
		"TheDestroyerBody": "Der Zerstörer",
		"TheDestroyerTail": "Der Zerstörer",
		"IlluminantBat": "Leuchtfledermaus",
		"IlluminantSlime": "Leuchtender Schleim",
		"Probe": "Sonde",
		"EaterofWorldsBody": "Weltenfresser",
		"PossessedArmor": "Geisterrüstung",
		"ToxicSludge": "Giftiger Schlamm",
		"SantaClaus": "Weihnachtsmann",
		"SnowmanGangsta": "Gangster Schneemann",
		"MisterStabby": "Herr Stabby",
		"SnowBalla": "Schnee Balla",
		"IceSlime": "Eisschleim",
		"Penguin": "Pinguin",
		"PenguinBlack": "Pinguin",
		"EaterofWorldsTail": "Weltenfresser",
		"IceBat": "Eisfledermaus",
		"Lavabat": "Lavafledermaus",
		"GiantFlyingFox": "Riesiger Fliegender Fuchs",
		"GiantTortoise": "Riesenschildkröte",
		"IceTortoise": "Eisschildkröte",
		"Wolf": "Wolf",
		"RedDevil": "Roter Teufel",
		"Arapaima": "Arapaima",
		"VampireBat": "Vampir",
		"Vampire": "Vampir",
		"MotherSlime": "Schleimmami",
		"Truffle": "Trüffel",
		"ZombieEskimo": "Zombieeskimo",
		"Frankenstein": "Frankenstein",
		"BlackRecluse": "Schwarze Einsiedlerin",
		"WallCreeper": "Wandkriecher",
		"WallCreeperWall": "Wandkriecher",
		"SwampThing": "Das Ding aus dem Sumpf",
		"UndeadViking": "Untoter Wikinger",
		"CorruptPenguin": "Verdorbener Pinguin",
		"IceElemental": "Eis-Elementar",
		"Merchant": "Händler",
		"PigronCorruption": "Schwrache",
		"PigronHallow": "Schwrache",
		"RuneWizard": "Runenzauberer",
		"Crimera": "Purmere",
		"Herpling": "Herpling",
		"AngryTrapper": "Zorniger Trapper",
		"MossHornet": "Mooshornisse",
		"Derpling": "Derpling",
		"Steampunker": "Steampunker",
		"CrimsonAxe": "Purpurne Axt",
		"Nurse": "Krankenschwester",
		"PigronCrimson": "Schwrache",
		"FaceMonster": "Gesichtsmonster",
		"FloatyGross": "Schwebender Ekel",
		"Crimslime": "Purpurschleim",
		"SpikedIceSlime": "Gespickter Eisschleim",
		"SnowFlinx": "Schneeflinx",
		"PincushionZombie": "Zombie",
		"SlimedZombie": "Zombie",
		"SwampZombie": "Zombie",
		"TwiggyZombie": "Zombie",
		"ArmsDealer": "Waffenhändler",
		"CataractEye": "Dämonenauge",
		"SleepyEye": "Dämonenauge",
		"DialatedEye": "Dämonenauge",
		"GreenEye": "Dämonenauge",
		"PurpleEye": "Dämonenauge",
		"LostGirl": "Verirrtes Mädchen",
		"Nymph": "Nymphe",
		"ArmoredViking": "Gepanzerter Wikinger",
		"Lihzahrd": "Lihzahrd",
		"LihzahrdCrawler": "Lihzahrd",
		"DemonEye": "Dämonenauge",
		"Dryad": "Dryade",
		"FemaleZombie": "Zombie",
		"HeadacheSkeleton": "Skelett",
		"MisassembledSkeleton": "Skelett",
		"PantlessSkeleton": "Skelett",
		"SpikedJungleSlime": "Gespickter Dschungelschleim",
		"Moth": "Motte",
		"IcyMerman": "Eiswassermann",
		"DyeTrader": "Farbstoffhändler",
		"PartyGirl": "Partygirl",
		"Cyborg": "Cyborg",
		"Skeleton": "Skelett",
		"Bee": "Biene",
		"BeeSmall": "Biene",
		"PirateDeckhand": "Piratenmatrose",
		"PirateCorsair": "Piratenkorsar",
		"PirateDeadeye": "Piratenjungfer",
		"PirateCrossbower": "Piratenarmbruster",
		"PirateCaptain": "Piratenkäpt'n",
		"CochinealBeetle": "Koschenillenkäfer",
		"CyanBeetle": "Zyankäfer",
		"LacBeetle": "Lackkäfer",
		"Guide": "Fremdenführer",
		"SeaSnail": "Seeschnecke",
		"Squid": "Tintenfisch",
		"QueenBee": "Bienenkönigin",
		"ZombieRaincoat": "Regenmantelzombie",
		"FlyingFish": "Fliegender Fisch",
		"UmbrellaSlime": "Regenschirmschleim",
		"FlyingSnake": "Fliegende Schlange",
		"Painter": "Maler",
		"WitchDoctor": "Medizinmann",
		"Pirate": "Pirat",
		"MeteorHead": "Meteorenkopf",
		"GoldfishWalker": "Goldfisch",
		"HornetFatty": "Hornisse",
		"HornetHoney": "Hornisse",
		"HornetLeafy": "Hornisse",
		"HornetSpikey": "Hornisse",
		"HornetStingy": "Hornisse",
		"JungleCreeper": "Dschungelkriecher",
		"JungleCreeperWall": "Dschungelkriecher",
		"BlackRecluseWall": "Schwarze Einsiedlerin",
		"BloodCrawler": "Blutkriecher",
		"FireImp": "Feuerkobold",
		"BloodCrawlerWall": "Blutkriecher",
		"BloodFeeder": "Blutsauger",
		"BloodJelly": "Blutgelee",
		"IceGolem": "Eisgolem",
		"RainbowSlime": "Regenbogenschleim",
		"Golem": "Golem",
		"GolemHead": "Golemkopf",
		"GolemFistLeft": "Golemfaust",
		"GolemFistRight": "Golemfaust",
		"GolemHeadFree": "Golemkopf",
		"BurningSphere": "Flammenkugel",
		"AngryNimbus": "Zorniger Nimbus",
		"Eyezor": "Schandfleck",
		"Parrot": "Papagei",
		"Reaper": "Sensenmann",
		"ZombieMushroom": "Sporenzombiebanner",
		"ZombieMushroomHat": "Sporenzombiebanner",
		"FungoFish": "Fungofisch",
		"AnomuraFungus": "Anomurapilz",
		"MushiLadybug": "Mushi-Marienkäfer",
		"FungiBulb": "Pilzbirne",
		"GoblinPeon": "Goblin-Arbeiter",
		"GiantFungiBulb": "Riesige Pilzbirne",
		"FungiSpore": "Pilzsspore",
		"Plantera": "Plantera",
		"PlanterasHook": "Planteras Haken",
		"PlanterasTentacle": "Planteras Tentakel",
		"Spore": "Spore",
		"BrainofCthulhu": "Gehirn von Cthulhu",
		"Creeper": "Kriecher",
		"IchorSticker": "Ichor-Sticker",
		"RustyArmoredBonesAxe": "Rostige Gepanzerte Knochen",
		"GoblinThief": "Goblin-Dieb",
		"RustyArmoredBonesFlail": "Rostige Gepanzerte Knochen",
		"RustyArmoredBonesSword": "Rostige Gepanzerte Knochen",
		"RustyArmoredBonesSwordNoArmor": "Rostige Gepanzerte Knochen",
		"BlueArmoredBones": "Blaue Gepanzerte Knochen",
		"BlueArmoredBonesMace": "Blaue Gepanzerte Knochen",
		"BlueArmoredBonesNoPants": "Blaue Gepanzerte Knochen",
		"BlueArmoredBonesSword": "Blaue Gepanzerte Knochen",
		"HellArmoredBones": "Höllisch gepanzerte Knochen",
		"HellArmoredBonesSpikeShield": "Höllisch gepanzerte Knochen",
		"HellArmoredBonesMace": "Höllisch gepanzerte Knochen",
		"GoblinWarrior": "Goblin-Krieger",
		"HellArmoredBonesSword": "Höllisch gepanzerte Knochen",
		"RaggedCaster": "Zerlumpter Zauberer",
		"RaggedCasterOpenCoat": "Zerlumpter Zauberer",
		"Necromancer": "Totenbeschwörer",
		"NecromancerArmored": "Totenbeschwörer",
		"DiabolistRed": "Satanist",
		"DiabolistWhite": "Satanist",
		"BoneLee": "Bone Lee",
		"DungeonSpirit": "Verliesgeist",
		"GiantCursedSkull": "Riesiger Verfluchter Schädel",
		"GoblinSorcerer": "Goblin-Hexer",
		"Paladin": "Paladin",
		"SkeletonSniper": "Skelettsniper",
		"TacticalSkeleton": "Taktisches Skelett",
		"SkeletonCommando": "Skelettkommando",
		"AngryBonesBig": "Wutknochen",
		"AngryBonesBigMuscle": "Wutknochen",
		"AngryBonesBigHelmet": "Wutknochen",
		"BirdBlue": "Blauhäher",
		"BirdRed": "Kardinal",
		"Squirrel": "Eichhörnchen",
		"Zombie": "Zombie",
		"ChaosBall": "Chaoskugel",
		"Mouse": "Maus",
		"Raven": "Rabe",
		"SlimeMasked": "Schleim",
		"BunnySlimed": "Hase",
		"HoppinJack": "Hüpfender Kürbis",
		"Scarecrow1": "Vogelscheuche",
		"Scarecrow2": "Vogelscheuche",
		"Scarecrow3": "Vogelscheuche",
		"Scarecrow4": "Vogelscheuche",
		"Scarecrow5": "Vogelscheuche",
		"AngryBones": "Wutknochen",
		"Scarecrow6": "Vogelscheuche",
		"Scarecrow7": "Vogelscheuche",
		"Scarecrow8": "Vogelscheuche",
		"Scarecrow9": "Vogelscheuche",
		"Scarecrow10": "Vogelscheuche",
		"HeadlessHorseman": "Kopfloser Reiter",
		"Ghost": "Gespenst",
		"DemonEyeOwl": "Dämonenauge",
		"DemonEyeSpaceship": "Dämonenauge",
		"ZombieDoctor": "Zombie",
		"DarkCaster": "Düstermagier",
		"ZombieSuperman": "Zombie",
		"ZombiePixie": "Zombie",
		"SkeletonTopHat": "Skelett",
		"SkeletonAstonaut": "Skelett",
		"SkeletonAlien": "Skelett",
		"MourningWood": "Trauerndes Holz",
		"Splinterling": "Splitterling",
		"Pumpking": "Kürbiskönig",
		"PumpkingBlade": "Kürbiskönig",
		"Hellhound": "Höllenhund",
		"WaterSphere": "Wasserkugel",
		"Poltergeist": "Poltergeist",
		"ZombieXmas": "Zombie",
		"ZombieSweater": "Zombie",
		"SlimeRibbonWhite": "Schleim",
		"SlimeRibbonYellow": "Schleim",
		"SlimeRibbonGreen": "Schleim",
		"SlimeRibbonRed": "Schleim",
		"BunnyXmas": "Hase",
		"ZombieElf": "Zombie-Elf",
		"ZombieElfBeard": "Zombie-Elf",
		"CursedSkull": "Fluchschädel",
		"ZombieElfGirl": "Zombie-Elf",
		"PresentMimic": "Geschenk-Mimic",
		"GingerbreadMan": "Lebkuchenmann",
		"Yeti": "Yeti",
		"Everscream": "Immerschrei",
		"IceQueen": "Eiskönigin",
		"SantaNK1": "Weihnachtsmann NK1",
		"ElfCopter": "Elfkopter",
		"Nutcracker": "Nussknacker",
		"NutcrackerSpinning": "Nussknacker",
		"SkeletronHead": "Skeletron",
		"ElfArcher": "Elfenbogenschütze",
		"Krampus": "Krampus",
		"Flocko": "Flocki",
		"Stylist": "Stylistin",
		"WebbedStylist": "Spinnenweben-Stylist",
		"Firefly": "Glühwürmchen",
		"Butterfly": "Schmetterling",
		"Worm": "Wurm",
		"LightningBug": "Leuchtkäfer",
		"Snail": "Schnecke",
		"SkeletronHand": "Skeletron",
		"GlowingSnail": "Leuchtende Schnecke",
		"Frog": "Frosch",
		"Duck": "Ente",
		"Duck2": "Ente",
		"DuckWhite": "Ente",
		"DuckWhite2": "Ente",
		"ScorpionBlack": "Skorpion",
		"Scorpion": "Skorpion",
		"TravellingMerchant": "Handelsreisender",
		"Angler": "Angler",
		"OldMan": "Greis",
		"DukeFishron": "Herzog Fischron",
		"DetonatingBubble": "Explodierende Blase",
		"Sharkron": "Drachai",
		"Sharkron2": "Drachai",
		"TruffleWorm": "Trüffelwurm",
		"TruffleWormDigger": "Trüffelwurm",
		"SleepingAngler": "Schlafender Angler",
		"Grasshopper": "Grashüpfer",
		"ChatteringTeethBomb": "Klappernde Zahnbombe",
		"CultistArcherBlue": "Blauer-Kultistenbogenschütze",
		"Demolitionist": "Sprengmeister",
		"CultistArcherWhite": "Weißer-Kultistenbogenschütze",
		"BrainScrambler": "Gehirnverwirrer",
		"RayGunner": "Strahlenschütze",
		"MartianOfficer": "Marsianer-Offizier",
		"ForceBubble": "Blasenschild",
		"GrayGrunt": "Graugrunzer",
		"MartianEngineer": "Marsianer-Ingenieur",
		"MartianTurret": "Teslakanonenturm",
		"MartianDrone": "Marsianer-Drohne",
		"GigaZapper": "Gigazapper",
		"BoneSerpentHead": "Knochenschlange",
		"ScutlixRider": "Scutlixschütze",
		"Scutlix": "Scutlix",
		"EyeofCthulhu": "Auge von Cthulhu",
		"BoneSerpentBody": "Knochenschlange",
		"BoneSerpentTail": "Knochenschlange",
		"SolarCrawltipedeHead": "Krabbelfüßler",
		"SolarCrawltipedeBody": "Krabbelfüßler",
		"SolarCrawltipedeTail": "Krabbelfüßler",
		"SolarDrakomire": "Drakomir",
		"SolarDrakomireRider": "Drakomir-Reiter",
		"SolarSroller": "Sroller",
		"SolarCorite": "Korit",
		"SolarSolenian": "Selenier",
		"Hornet": "Hornisse",
		"ManEater": "Menschenfresser",
		"ArmedZombie": "Zombie",
		"ArmedZombieEskimo": "Zombieeskimo",
		"ArmedZombiePincussion": "Zombie",
		"ArmedZombieSlimed": "Zombie",
		"ArmedZombieSwamp": "Zombie",
		"ArmedZombieTwiggy": "Zombie",
		"ArmedZombieCenx": "Zombie",
		"UndeadMiner": "Untoter Minenarbeiter",
		"GoldBird": "Goldvogel",
		"GoldBunny": "Goldhase",
		"GoldButterfly": "Goldschmetterling",
		"GoldFrog": "Goldfrosch",
		"GoldGrasshopper": "Goldgrashüpfer",
		"GoldMouse": "Goldmaus",
		"GoldWorm": "Goldwurm",
		"BoneThrowingSkeleton": "Skelett",
		"Tim": "Tim",
		"BoneThrowingSkeleton2": "Skelett",
		"BoneThrowingSkeleton3": "Skelett",
		"BoneThrowingSkeleton4": "Skelett",
		"Bunny": "Hase",
		"CorruptBunny": "Verderbnishase",
		"Harpy": "Harpyie",
		"CaveBat": "Höhlenfledermaus",
		"ServantofCthulhu": "Diener von Cthulhu",
		"KingSlime": "Schleimkönig",
		"JungleBat": "Dschungelfledermaus",
		"DoctorBones": "Doktor Bones",
		"TheGroom": "Bräutigam",
		"Clothier": "Schneider",
		"Goldfish": "Goldfisch",
		"Snatcher": "Schnapper",
		"CorruptGoldfish": "Verderbnisgoldfisch",
		"Piranha": "Piranha",
		"LavaSlime": "Lavaschleim",
		"EaterofSouls": "Seelenfresser",
		"Hellbat": "Höllenfledermaus",
		"Vulture": "Geier",
		"Demon": "Dämon",
		"BlueJellyfish": "Blauqualle",
		"PinkJellyfish": "Pinkqualle",
		"Shark": "Hai",
		"VoodooDemon": "Voodoo-Dämon",
		"Crab": "Krabbe",
		"DungeonGuardian": "Verlies-Wächter",
		"Antlion": "Ameisenlöwe",
		"DevourerHead": "Verschlinger",
		"SpikeBall": "Nagelball",
		"DungeonSlime": "Verliesschleim",
		"BlazingWheel": "Flammenrad",
		"GoblinScout": "Goblin-Späher",
		"Bird": "Vogel",
		"Pixie": "Pixie",
		"ArmoredSkeleton": "Gepanzertes Skelett",
		"Mummy": "Mumie",
		"DarkMummy": "Dunkle Mumie",
		"DevourerBody": "Verschlinger",
		"LightMummy": "Helle Mumie",
		"CorruptSlime": "Verderbnisschleim",
		"Wraith": "Monstergeist",
		"CursedHammer": "Verfluchter Hammer",
		"EnchantedSword": "Verzaubertes Schwert",
		"Mimic": "Mimic",
		"Unicorn": "Einhorn",
		"WyvernHead": "Lindwurm",
		"WyvernLegs": "Lindwurm",
		"WyvernBody": "Lindwurm",
		"DevourerTail": "Verschlinger",
		"WyvernBody2": "Lindwurm",
		"WyvernBody3": "Lindwurm",
		"WyvernTail": "Lindwurm",
		"GiantBat": "Riesenfledermaus",
		"Corruptor": "Verderber",
		"DiggerHead": "Gräber",
		"DiggerBody": "Gräber",
		"DiggerTail": "Gräber",
		"SeekerHead": "Weltspeiser",
		"SeekerBody": "Weltspeiser",
		"AncientCultistSquidhead": "Alte Vision",
		"AncientDoom": "Altes Unheil",
		"AncientLight": "Altes Licht",
		"BigMimicCorruption": "Verdorbener Mimic",
		"BigMimicCrimson": "Purpur-Mimic",
		"BigMimicHallow": "Heiliger Mimic",
		"BigMimicJungle": "Dschungel-Mimic",
		"BloodZombie": "Blutzombie",
		"Buggy": "Buggy",
		"Butcher": "Schlachter",
		"Crawdad": "Flusskrebs",
		"Crawdad2": "Flusskrebs",
		"CreatureFromTheDeep": "Kreatur aus der Tiefe",
		"CrimsonBunny": "Purpurtan-Häschen",
		"CrimsonGoldfish": "Purpurtan-Goldfisch",
		"CrimsonPenguin": "Böser Pinguin",
		"CultistBoss": "Irrer Kultist",
		"CultistBossClone": "Irrer Kultist",
		"CultistDevote": "Irrer Anhänger",
		"CultistDragonBody1": "Phantasm-Drache",
		"CultistDragonBody2": "Phantasm-Drache",
		"CultistDragonBody3": "Phantasm-Drache",
		"CultistDragonBody4": "Phantasm-Drache",
		"CultistDragonHead": "Phantasm-Drache",
		"CultistDragonTail": "Phantasm-Drache",
		"CultistTablet": "Mysteriöse Tafel",
		"DD2AttackerTest": "???",
		"DD2GoblinT3": "{$NPCName.DD2GoblinT1}",
		"DD2GoblinBomberT3": "{$NPCName.DD2GoblinBomberT1}",
		"DD2JavelinstT2": "{$NPCName.DD2JavelinstT1}",
		"DD2JavelinstT3": "{$NPCName.DD2JavelinstT1}",
		"DD2LanePortal": "Mysteriöses Portal",
		"DD2GoblinT2": "{$NPCName.DD2GoblinT1}",
		"DeadlySphere": "Tödliche Sphäre",
		"DemonTaxCollector": "Gequälite Seele",
		"DesertBeast": "Basilisk",
		"DesertDjinn": "Wüstengeist",
		"DesertGhoul": "Ghoul",
		"DesertGhoulCorruption": "Ekelghoul",
		"DesertGhoulCrimson": "Verdorbener Ghoul",
		"DesertGhoulHallow": "Träumer-Ghoul",
		"DesertLamiaDark": "Lamia",
		"DesertLamiaLight": "Lamia",
		"DesertScorpionWalk": "Sandwilderer",
		"DesertScorpionWall": "Sandwilderer",
		"Drippler": "Tropfer",
		"DrManFly": "Dr. Mann-Fliege",
		"DuneSplicerBody": "Dünenstecher",
		"DuneSplicerHead": "Dünenstecher",
		"DuneSplicerTail": "Dünenstecher",
		"EnchantedNightcrawler": "Verzauberter Nachtkriecher",
		"FlyingAntlion": "Ameisenlöwenschwarm",
		"Fritz": "Fritz",
		"GiantShelly": "Riesen-Shelly",
		"GiantShelly2": "Riesen-Shelly",
		"GoblinSummoner": "Goblin-Beschwörer",
		"GraniteFlyer": "Granit-Elementar",
		"GraniteGolem": "Granitgolem",
		"GreekSkeleton": "Hoplit",
		"Grubby": "Grubby",
		"LunarTowerNebula": "Nebulasäule",
		"LunarTowerSolar": "Sonnensäule",
		"LunarTowerStardust": "Sternenstaubsäule",
		"LunarTowerVortex": "Vortexsäule",
		"MartianProbe": "Marsianersonde",
		"MartianSaucer": "Marsianer-UFO",
		"MartianSaucerCannon": "Marsianer-UFO-Kanone",
		"MartianSaucerCore": "Marsianer-UFO",
		"MartianSaucerTurret": "Marsianer-UFO-Geschützturm",
		"MartianWalker": "Marsianer-Läufer",
		"Medusa": "Medusa",
		"MoonLordCore": "Mondherrenkern",
		"MoonLordHand": "Mondherrenhand",
		"MoonLordHead": "Mondherr",
		"Mothron": "Mottron",
		"MothronEgg": "Mottron-Ei",
		"MothronSpawn": "Baby Mottron",
		"Nailhead": "Nagelkopf",
		"NebulaBeast": "Evolutionsbestie",
		"NebulaBrain": "Nebula-Wasserleiche",
		"NebulaHeadcrab": "Gehirnsauger",
		"NebulaSoldier": "Prophet",
		"PartyBunny": "Hase",
		"Psycho": "Psycho",
		"Salamander": "Salamander",
		"Salamander2": "Salamander",
		"Salamander3": "Salamander",
		"Salamander4": "Salamander",
		"Salamander5": "Salamander",
		"Salamander6": "Salamander",
		"Salamander7": "Salamander",
		"Salamander8": "Salamander",
		"Salamander9": "Salamander",
		"SandElemental": "Sand-Elementar",
		"SandShark": "Sandhai",
		"SandsharkCorrupt": "Knochenbeißer",
		"SandsharkCrimson": "Fleischräuber",
		"SandsharkHallow": "Kristalldrescher",
		"SandSlime": "Sandschleim",
		"ShadowFlameApparition": "Schattenflammenerscheinung",
		"SlimeSpiked": "Gespickter Schleim",
		"Sluggy": "Sluggy",
		"SolarFlare": "Sonneneruption",
		"SolarGoop": "Sonnenfragment",
		"SolarSpearman": "Drakanier",
		"SquirrelGold": "Goldeichhörnchen",
		"SquirrelRed": "Roteichhörnchen",
		"StardustCellBig": "Sternenzelle",
		"StardustCellSmall": "Sternenzelle",
		"StardustJellyfishBig": "Flusseindringling",
		"StardustSoldier": "Sternengucker",
		"StardustSpiderBig": "Twinkle-Maschine",
		"StardustSpiderSmall": "Twinkle",
		"StardustWormHead": "Milchstraßenschweber",
		"TargetDummy": "Zielpuppe",
		"TaxCollector": "Steuereintreiber",
		"TheBride": "Die Braut",
		"ThePossessed": "Der Besessene",
		"TombCrawlerBody": "Grabkriecher",
		"TombCrawlerHead": "Grabkriecher",
		"TombCrawlerTail": "Grabkriecher",
		"Tumbleweed": "Wütender Steppenroller",
		"VortexHornet": "Alien-Hornisse",
		"VortexHornetQueen": "Alienkönigin",
		"VortexLarva": "Alienlarve",
		"VortexRifleman": "Sturmtaucher",
		"VortexSoldier": "Vortexianer",
		"WalkingAntlion": "Ameisenlöwenläufer",
		"DD2GoblinBomberT2": "{$NPCName.DD2GoblinBomberT1}",
		"DD2WyvernT3": "{$NPCName.DD2WyvernT1}",
		"DD2WyvernT2": "{$NPCName.DD2WyvernT1}",
		"DD2OgreT3": "{$NPCName.DD2OgreT2}",
		"DD2WitherBeastT3": "{$NPCName.DD2WitherBeastT2}",
		"DD2SkeletonT3": "{$NPCName.DD2SkeletonT1}",
		"DD2KoboldWalkerT3": "{$NPCName.DD2KoboldWalkerT2}",
		"DD2DrakinT3": "{$NPCName.DD2DrakinT2}",
		"DD2DarkMageT3": "{$NPCName.DD2DarkMageT1}",
		"DD2KoboldFlyerT3": "{$NPCName.DD2KoboldFlyerT2}",
		"BabySlime": "Babyschleim",
		"BigRainZombie": "Zombie",
		"BlackSlime": "Schwarzer Schleim",
		"DD2Bartender": "Tavernenwirt",
		"DD2Betsy": "Betsy",
		"DD2DarkMageT1": "Dunkelmagier",
		"DD2DrakinT2": "Drakin",
		"DD2EterniaCrystal": "Eternia-Kristall",
		"DD2GoblinBomberT1": "Etherischer Goblin-Bomber",
		"DD2GoblinT1": "Etherischer Goblin",
		"DD2JavelinstT1": "Etherischer Speerwerfer",
		"DD2KoboldFlyerT2": "Kobold-Gleiter",
		"DD2KoboldWalkerT2": "Kobold",
		"DD2LightningBugT3": "Etherischer Leuchtkäfer",
		"DD2OgreT2": "Oger",
		"DD2SkeletonT1": "Skelett des Alten",
		"DD2WitherBeastT2": "Welkbestie",
		"DD2WyvernT1": "Etherischer Lindwurm",
		"GreenSlime": "Grüner Schleim",
		"JungleSlime": "Dschungelschleim",
		"Pinky": "Pinky",
		"PurpleSlime": "Lila Schleim",
		"RedSlime": "Roter Schleim",
		"Slimeling": "Schleimling",
		"Slimer2": "Schleimer",
		"SmallRainZombie": "Zombie",
		"YellowSlime": "Gelber Schleim",
		"MoonLordFreeEye": "Das wahre Auge von Cthulhu",
		"MoonLordLeechBlob": "Mondblutegelpfropf",
		"SkeletonMerchant": "Skeletthändler",
		"PirateShip": "Fliegender Holländer",
		"PirateShipCannon": "Holländerkanone",
		"BartenderUnconscious": "Bewusstloser Typ"
	}
}