﻿{
	"Mobile": {
		"MaxPlayers": "Max. Players:",
		"Password": "Password:",
		"PasswordEmpty": "None",
		"Name": "Name:",
		"NamePlayerEmpty": "Enter your name...",
		"NameWorldEmpty": "Enter world name...",
		"Unfavorite": "Unfavorite",
		"SearchingHosts": "Searching for local hosts...",
		"Online":"Online",
		"Local":"Local",
		"Host":"Host",
		"SelectServer":"Select Server",
		"Connect":"Add",
		"ServerIP":"Server IP:",
		"EnterServerIP":"Enter the server IP address...",
		"ServerPort":"Server Port:",
		"EnterServerPort":"Enter the server port...",
		"MagnifierEnabled":"Magnifier Enabled",
		"MagnifierDisabled":"Magnifier Disabled",
		"FrameRateCap30":"Frame Rate Cap: 30",
		"FrameRateCap60":"Frame Rate Cap: 60",
		"ScreenEffectsEnabled":"Screen Effects Enabled",
		"ScreenEffectsDisabled":"Screen Effects Disabled",
		"EditInterface":"Edit Interface",
		"FrameRateDisplayed":"Frame Rate Displayed",
		"FrameRateHidden":"Frame Rate Hidden",
		"SafeRegion":"Safe Region",
		"Interface":"Interface",
		"Discard":"Discard",
		"Default":"Default",
		"UIScale":"UI Scale:",
		"Side":"Side",
		"Top":"Top",
		"Bottom":"Bottom",
		"InterfaceSettingsDescription":"*Some settings may be disabled depending upon the size of your device.",
		"UsefulLinks":"Social",
		"Wiki":"Terraria Wiki",
		"Forum":"Terraria Forums",
		"Discord":"Terraria Discord",
		"ContactSupport":"505 Customer Support",
		"Youtube":"Re-Logic Youtube",
		"Twitter":"Terraria Twitter",
		"PrivacyPolicy":"505 Privacy policy",
		"Facebook":"Terraria Facebook",
		"TooltipFade": "Tooltip Fade: {0}s",
		"ItemTooltipFade": "Item tooltip fade: {0}s",
		"Loot": "Loot",
		"Remove": "Remove",
		"Show": "Show",
		"Hide": "Hide",
		"Deposit": "Deposit",
		"Quit": "Exit",
		"Enable": "Enable",
		"Disable": "Disable",
		"Teleport":"Teleport",
		"QuickStack": "Quick\nStack",
		"Materials": "Materials",
		"Savings": "Savings",
		"Armour": "Armor",
		"NoRecipes": "No recipes available",
		"QuickSlots": "Quick Slots",
		"SelectItemReforge": "Select an item to reforge",
		"WriteMessagePrompt":"Write your message here...",
		"QuitPrompt": "Are you sure you wish to exit?",
		"ServerFull":"Server is full",
		"SplitStackOpen": "Split",
		"SplitStackClose": "Cancel",
		"SplitStackAction": "Split",
		"Join": "Play",
		"AimAndUse": "Aim and Use",
		"AimOnly": "Aim Only",
		"SmartCursorOn": "Smart Cursor On",
		"SmartCursorOff": "Smart Cursor Off",
		"CombatTargetingOn": "Target Lock On",
		"CombatTargetingOff": "Target Lock Off",
		"CombatTargetingNoTargets": "No Targets",
		"HousingQuery": "Query",
		"PvP": "Players",
		"CraftGuideEmpty": "Select an item to show possible recipes",
		"HairStylist": "Stylist",
		"Home": "Main Menu",
		"Sound": "Sound",
		"Gameplay": "More Info",
		"Equip": "Equip",
		"Sell": "Sell",
		"Craft": "Craft",
		"ApplyChanges": "Apply",
		"MultiplayerLocalTitle": "Host",
		"MultiplayerOnlineTitle": "Add Server",
		"LeftStickAimingOn": "Left Stick Aim On",
		"LeftStickAimingOff": "Left Stick Aim Off",
		"ResetCursorModes": "Reset Aim and Smart Cursor Modes",
		"RemoveServerList": "Remove {0} from the server list?",
		"BugReport": "Bug report"
	},
	
	"UI":	{
		"WorldSizeTiny": "Tiny"
	}
}
