﻿{
	"Mobile": {
		"MaxPlayers": "Máx. Jug.:",
		"Password": "Contraseña:",
		"PasswordEmpty": "Nada",
		"Name": "Nombre:",
		"NamePlayerEmpty": "Escribe tu nombre...",
		"NameWorldEmpty": "Escribe nombre del mundo...",
		"Unfavorite": "Quitar",
		"UnfavoriteFrontEnd": "Quitar fav.",
		"SearchingHosts": "Buscando anfitriones locales...",
		"Online":"En línea",
		"Local":"Local",
		"Host":"Host",
		"SelectServer":"Elegir servidor",
		"Connect":"Agregar",
		"ServerIP":"IP de servidor:",
		"EnterServerIP":"Introduce IP del servidor...",
		"ServerPort":"Puerto:",
		"EnterServerPort":"Introduce el puerto del servidor...",
		"MagnifierEnabled":"Lupa activada",
		"MagnifierDisabled":"Lupa desactivada",
		"FrameRateCap30":"Límite de tasa de refresco: 30",
		"FrameRateCap60":"Límite de tasa de refresco: 60",
		"ScreenEffectsEnabled":"Efectos de pantalla activados",
		"ScreenEffectsDisabled":"Efectos de pantalla desactivados",
		"EditInterface":"Editar interfaz",
		"FrameRateDisplayed":"Mostrar tasa de refresco",
		"FrameRateHidden":"Ocultar tasa de refresco",
		"SafeRegion":"Región segura",
		"Interface":"Interfaz",
		"Discard":"Descartar",
		"Default":"Por defecto",
		"UIScale":"Escala UI:",
		"Side":"Lateral",
		"Top":"Superior",
		"Bottom":"Inferior",
		"InterfaceSettingsDescription":"*Algunos ajustes podrían estar desactivados, según el tamaño de tu dispositivo.",
		"UsefulLinks":"Social",
		"Wiki":"Wiki de Terraria",
		"Forum":"Foro de Terraria",
		"Discord":"Discord de Terraria",
		"ContactSupport":"Atención al cliente de 505",
		"Youtube":"Youtube de Re-Logic",
		"Twitter":"Twitter de Terraria",
		"PrivacyPolicy":"Política de privacidad de 505",
		"Facebook":"Facebook de Terraria",
		"TooltipFade": "Desaparición de info: {0} s",
		"ItemTooltipFade": "Desap. info objeto: {0} s",
		"Loot": "Coger",
		"Remove": "Quitar",
		"Unequip": "Quitar",
		"Show": "Mostrar",
		"Hide": "Ocultar",
		"Deposit": "Poner",
		"Quit": "Dejar",
		"Enable": "Activar",
		"Disable": "Desactiv.",
		"Teleport":"Teletrans.",
		"QuickStack": "Apilar\nrápido",
		"Materials": "Materiales",
		"Savings": "Ahorros",
		"Armour": "Armadura",
		"NoRecipes": "No hay recetas disponibles",
		"QuickSlots": "Ranuras de acceso rápido",
		"SelectItemReforge": "Selecciona un objeto para reciclarlo",
		"WriteMessagePrompt":"Escribe aquí tu mensaje...",
		"QuitPrompt": "¿Seguro que deseas salir?",
		"ServerFull":"El servidor está lleno",
		"SplitStackOpen": "Dividir",
		"SplitStackClose": "Cancelar",
		"SplitStackAction": "Dividir",
		"Join": "Jugar",
		"AimAndUse": "Apuntar y usar",
		"AimOnly": "Solo apuntar",
		"SmartCursorOn": "Cursor inteligente: Sí",
		"SmartCursorOff": "Cursor inteligente: No",
		"CombatTargetingOn": "Fijar objetivo: Sí",
		"CombatTargetingOff": "Fijar objetivo: No",
		"CombatTargetingNoTargets": "Sin objetivos",
		"HousingQuery": "Consulta",
		"PvP": "Jugadores",
		"CraftGuideEmpty": "Selecciona un objeto para ver recetas posibles",
		"HairStylist": "Estilista",
		"Home": "Inicio",
		"Sound": "Suena",
		"Gameplay": "Más información",
		"Equip": "Equipar",
		"Sell": "Vender",
		"Craft": "Crear",
		"ApplyChanges": "Aplicar",
		"MultiplayerLocalTitle": "Host",
		"MultiplayerOnlineTitle": "Agregar Servidor",
		"LeftStickAimingOn": "Apuntado con stick izquierdo activado",
		"LeftStickAimingOff": "Apuntado con stick izquierdo desactivado",
		"ResetCursorModes": "Reiniciar modos de apuntado y cursor int.",
		"RemoveServerList": "¿Eliminar {0} de la lista de servidores?",
		"BugReport": "Informe de errores",
		"Ignore": "Ignorar",
		"LowDiskSpaceWarning" : "Tu dispositivo tiene poco almacenamiento. Libera espacio y vuelve a intentarlo.",
		"LowMemoryHost" : "Tu dispositivo no tiene suficiente RAM como para ser el anfitrión de una partida multijugador.",
		"LowMemoryPlayLarge": "Tu dispositivo no tiene suficiente RAM como para jugar en un mundo grande.",
		"LowMemoryGenerateLarge": "Tu dispositivo no tiene suficiente RAM como para jugar en un mundo grande.",
		"Credits": "Créditos",
		"Reddit": "Reddit de Terraria",
		"TutorialToggleEnable": "Toca en cualquier botón de los controles virtuales para saber qué hacen.",
		"TutorialToggleDisable": "",
		"TutorialInteract": "Cambiará según adónde estés apuntando. Si el cursor está sobre\nun objeto interactuable, como un cofre, puerta o PNJ, el botón interactuará con ellos.\nSi no, usará el objeto seleccionado en el acceso rápido.",
		"TutorialAutoSelect": "Mantén pulsado para activar.\nSegún la posición del cursor, cambiará el objeto seleccionado.\nApunta con el eje de disparar y usa el disparo para usar el objeto seleccionado.",
		"TutorialAutoFire": "Toca para cambiar entre Solo apuntar y Apuntar y usar en el stick derecho.\nCon Solo apuntar, tendrás que usar Interacción/Disparo inteligente para usar objetos tras apuntar con el cursor.\nCon Apuntar y usar, también se activarán con el stick derecho.\nSi tocas la pantalla, siempre usará Apuntar & usar.",
		"TutorialQuickHeal": "Toca para curarte. Se usará el botón con una poción.\nEl botón no está activo cuando está en enfriamiento o cuando no hay\nobjetos disponibles en el inventario.",
		"TutorialQuickMana": "Toca para recuperar maná. El botón indica qué poción se utilizará.\nEl botón no está activo cuando está en recarga o si no hay\nobjetos disponibles en el inventario.",
		"TutorialQuickBuff": "Toca para usar todas las pociones/comida de mejora disponibles de golpe.\nEl botón no está activo cuando está en enfriamiento o cuando no hay\nobjetos disponibles en el inventario.",
		"TutorialInventoryToggle": "Toca para abrir o cerrar el menú. Desde aquí, podrás visitar distintas páginas:\nA la izquierda, Jugadores (solo en multijugador), Vivienda e Inventario.\nA la derecha, Cofre, Equipamiento y Creación. Aquí también se muestran la hucha y las tiendas de PNJ.\nPodrás activar o desactivar páginas individuales tocándolas, pero al cerrarlas todas se cierra el menú.",
		"TutorialMovementAxis": "Mantén pulsado para moverte a izquierda o derecha.\nToca abajo para bajar de salientes o arriba para subir cuerdas.\nToca dos veces arriba para saltar. Toca dos veces y mantén para volar.\nToca dos veces izquierda/derecha para correr.\nToca dos veces abajo para bonificaciones (si hay disponibles).",
		"TutorialFire": "Toca para activar el objeto seleccionado en el acceso rápido.\nMantén pulsado para seguir disparando si el objeto tiene lanzamiento/disparo automático.",
		"TutorialTargetLockOn": "Cuando el apuntado de combate está sobre un enemigo,\ntoca para fijarlo y toca de nuevo para quitarlo.\nComprueba los ajustes de los distintos modos.",
		"TutorialSmartCursor": "Toca para activar o desactivar el cursor inteligente.\nActivo, el juego intentará localizar a los objetivos adecuados\npara la acción cerca del cursor. Activo, el stick izquierdo se puede\nusar para apuntar. Se desactiva en Configuración.",
		"TutorialJump": "Toca para saltar. Cuanto más tiempo toques, más alto saltarás.\nSi tienes alas, mantén para volar/planear.",
		"TutorialQuickMount": "Toca para montar/desmontar.\nTambién se puede usar para bajar de vagonetas.",
		"TutorialZoomIn": "Toca para acercar.\nTambién puedes pellizcar el mundo para acercar la cámara.",
		"TutorialZoomOut": "Toca para acercar.\nTambién puedes separar los dedos en el mundo para acercar la cámara.",
		"TutorialFireAxis": "Mantén pulsado para apuntar con el cursor.\nSi el cursor inteligente está activo, la posición se restablece.\nSi Apuntar y usar está activo, puedes activar el objeto seleccionado en acceso rápido.",
		"TutorialGrappleAxis": "Mantén pulsado y arrastra en una dirección para agarrarte.\nTambién podrás tocar en el borde del eje para agarrarte al instante\nen esa dirección.",
		"LockTutorialsOn": "Tutoriales activados",
		"LockTutorialsOff": "Tutoriales desactivados",
		"ResetSettings": "Por defecto",
		"ResetSettingsPrompt": "¿Quieres restablecer los valores predeterminados\nde todos los ajustes?",
		"Reset": "Reiniciar",
		"TutorialInteractTitle": "Interacción inteligente",
		"TutorialAutoSelectTitle": "Selección automática",
		"TutorialAutoFireTitle": "Cambiar modo de apuntado",
		"TutorialQuickHealTitle": "Curación rápida",
		"TutorialQuickManaTitle": "Maná rápido",
		"TutorialQuickBuffTitle": "Mejora rápida",
		"TutorialInventoryToggleTitle": "Cambio de menú",
		"TutorialMovementAxisTitle": "Eje de movimiento",
		"TutorialFireTitle": "Disparar",
		"TutorialTargetLockOnTitle": "Apuntado de combate",
		"TutorialSmartCursorTitle": "Cambiar cursor inteligente",
		"TutorialJumpTitle": "Saltar",
		"TutorialQuickMountTitle": "Montura rápida",
		"TutorialZoomInTitle": "Acercar",
		"TutorialZoomOutTitle": "Alejar",
		"TutorialFireAxisTitle": "Eje de disparo",
		"TutorialGrappleAxisTitle": "Agarre rápido",
		"PurchaseError": "No se puede contactar con la tienda.\nInicie sesión en su cuenta\ny conéctese a Internet.",
		"PurchaseNotFound": "\n\nPara continuar jugando, deberás haber desbloqueado el juego completo.\n\nSi ya lo ha hecho, verifique que haya iniciado sesión en Google Play\ncon la cuenta que realizó la compra y asegúrese de estar conectado a Internet.\n\nSi aún no ha desbloqueado el juego completo, toque el botón \"Tienda\" para\ncomprarlo ahora.",
		"PurchaseInitialising": "Contactando a la tienda para verificar el acceso al juego completo...",
		"PurchaseRetry": "Rever",
		"PurchaseStore": "Tienda",
		"LicenseError": "No se puede contactar con la tienda.\nInicie sesión en su cuenta\ny conéctese a Internet.",
		"LicenseNotFound": "\n\nPara continuar jugando, deberás haber desbloqueado el juego completo.\n\nSi ya lo ha hecho, verifique que haya iniciado sesión en Google Play\ncon la cuenta que realizó la compra y asegúrese de estar conectado a Internet.\n\nSi aún no ha desbloqueado el juego completo, toque el botón \"Tienda\" para\ncomprarlo ahora.",
		"LicenseInitialising": "Contactando a la tienda para verificar el acceso al juego completo...",
		"LeftJumpDoubleTap": "Salto con stick izquierdo: Doble Toque",
		"LeftJumpSingleTap": "Salto con stick izquierdo: solo toque",
		"LeftJumpUp": "Salto con stick izquierdo: Up (Legado)",
		"LeftJumpDisabled": "Salto con stick izquierdo: Deshabilitado"
	},
	
	"UI":	{
		"WorldSizeTiny": "Diminuto"
	}
}
